﻿브랜드,상품명,별점,리뷰 개수,원가,할인율,판매가,피부타입별 구매비율,연령대별 구매비율,상품상세 이미지,상품 URL,크롤링 시간
아윤채,인리치 본딩 케어 크림 150ml,4.94,1586,"₩28,000",0%,"₩28,000",N/A,N/A,"https://images-kr.amoremall.com/products/765001000050/765001000050_01.jpg?1755739872994, https://images-kr.amoremall.com/products/765001000050/765001000050_02.jpg?1755739872994, https://images-kr.amoremall.com/products/765001000050/765001000050_03.jpg?1753690826064",https://www.amoremall.com/kr/ko/product/detail?onlineProdSn=46814&onlineProdCode=765001000050,2025-12-03 14:28:35
아윤채,리밸런싱 프레시 샴푸 500g,4.85,814,"₩46,000",0%,"₩46,000",N/A,N/A,https://images-kr.amoremall.com/products/765001000035/765001000035_01.jpg?1759198800149,https://www.amoremall.com/kr/ko/product/detail?onlineProdSn=45905&onlineProdCode=765001000035,2025-12-03 14:29:00
아윤채,인핸싱 실키 컬러 샴푸 500g,4.94,302,"₩46,000",0%,"₩46,000",N/A,N/A,https://images-kr.amoremall.com/products/765001000043/765001000043_01.jpg?1618216721545,https://www.amoremall.com/kr/ko/product/detail?onlineProdSn=45913&onlineProdCode=765001000043,2025-12-03 14:29:07
아윤채,인리치 본딩 케어 마스크 200ml,4.81,226,"₩44,000",0%,"₩44,000",N/A,N/A,https://images-kr.amoremall.com/products/765001000051/765001000051_01.jpg?1755739656886,https://www.amoremall.com/kr/ko/product/detail?onlineProdSn=46815&onlineProdCode=765001000051,2025-12-03 14:29:14
아윤채,리밸런싱 모이스처 샴푸 500g,4.84,483,"₩46,000",0%,"₩46,000",N/A,N/A,https://images-kr.amoremall.com/products/765001000036/765001000036_01.jpg?1760922375929,https://www.amoremall.com/kr/ko/product/detail?onlineProdSn=45906&onlineProdCode=765001000036,2025-12-03 14:29:20
아윤채,에어리 베일 컬 크림 150ml,4.93,975,"₩28,000",0%,"₩28,000",N/A,N/A,https://images-kr.amoremall.com/products/765001000049/765001000049_01.jpg?1618561829266,https://www.amoremall.com/kr/ko/product/detail?onlineProdSn=46130&onlineProdCode=765001000049,2025-12-03 14:29:26
아윤채,인핸싱 실키 마스크 200ml,4.75,203,"₩44,000",0%,"₩44,000",N/A,N/A,https://images-kr.amoremall.com/products/765001000048/765001000048_01.jpg?1618561494885,https://www.amoremall.com/kr/ko/product/detail?onlineProdSn=46129&onlineProdCode=765001000048,2025-12-03 14:29:32
아윤채,인리치 본딩 케어 샴푸 350g,4.82,67,"₩38,000",0%,"₩38,000",N/A,N/A,https://images-kr.amoremall.com/products/765001000065/765001000065_01.jpg?1753777191505,https://www.amoremall.com/kr/ko/product/detail?onlineProdSn=47750&onlineProdCode=765001000065,2025-12-03 14:29:38
아윤채,인핸싱 실키 오일 100ml,4.82,359,"₩39,000",0%,"₩39,000",N/A,N/A,https://images-kr.amoremall.com/products/765001000044/765001000044_01.jpg?1618216672645,https://www.amoremall.com/kr/ko/product/detail?onlineProdSn=45914&onlineProdCode=765001000044,2025-12-03 14:29:45
아윤채,인리치 본딩 케어 오일 100ml,4.94,83,"₩39,000",0%,"₩39,000",N/A,N/A,https://images-kr.amoremall.com/products/765001000105/765001000105_01.jpg?1755739727739,https://www.amoremall.com/kr/ko/product/detail?onlineProdSn=59840&onlineProdCode=765001000105,2025-12-03 14:29:51
아윤채,더마 카밍 마일드 샴푸 500g,4.8,92,"₩46,000",0%,"₩46,000",N/A,N/A,https://images-kr.amoremall.com/products/765001000072/765001000072_01.jpg?1755738551773,https://www.amoremall.com/kr/ko/product/detail?onlineProdSn=48561&onlineProdCode=765001000072,2025-12-03 14:29:57
아윤채,리프레싱 아쿠아 샴푸 500g,4.86,329,"₩41,000",0%,"₩41,000",N/A,N/A,https://images-kr.amoremall.com/products/765001000040/765001000040_01.jpg?1755739947594,https://www.amoremall.com/kr/ko/product/detail?onlineProdSn=45910&onlineProdCode=765001000040,2025-12-03 14:30:04
아윤채,리밸런싱 스칼프 마스크 200ml,4.79,279,"₩44,000",0%,"₩44,000",N/A,N/A,https://images-kr.amoremall.com/products/765001000042/765001000042_01.jpg?1759292387265,https://www.amoremall.com/kr/ko/product/detail?onlineProdSn=45912&onlineProdCode=765001000042,2025-12-03 14:30:11
아윤채,리밸런싱 스칼프 세럼 80ml,4.76,288,"₩41,000",0%,"₩41,000",N/A,N/A,https://images-kr.amoremall.com/products/765001000039/765001000039_01.jpg?1762154242168,https://www.amoremall.com/kr/ko/product/detail?onlineProdSn=45909&onlineProdCode=765001000039,2025-12-03 14:30:20
아윤채,리밸런싱 마스크 100ml,4.87,63,"₩23,000",0%,"₩23,000",N/A,N/A,https://images-kr.amoremall.com/products/765001000088/765001000088_01.jpg?1649138954978,https://www.amoremall.com/kr/ko/product/detail?onlineProdSn=51618&onlineProdCode=765001000088,2025-12-03 14:30:28
아윤채,에어리 베일 리브 인 폼 200ml,4.91,90,"₩33,000",0%,"₩33,000",N/A,N/A,https://images-kr.amoremall.com/products/765001000106/765001000106_01.jpg?1716282009728,https://www.amoremall.com/kr/ko/product/detail?onlineProdSn=61669&onlineProdCode=765001000106,2025-12-03 14:30:34
아윤채,에어리 베일 볼륨 픽서 150ml,4.96,182,"₩26,000",0%,"₩26,000",N/A,N/A,"https://images-kr.amoremall.com/products/765001000102/765001000102_01.jpg?1658990136859, https://images-kr.amoremall.com/products/765001000102/765001000102_02.jpg?1658990136859, https://images-kr.amoremall.com/products/765001000102/765001000102_03.jpg?1658990136859",https://www.amoremall.com/kr/ko/product/detail?onlineProdSn=53746&onlineProdCode=765001000102,2025-12-03 14:30:41
아윤채,인핸싱 실키 마스크 100ml,4.92,80,"₩23,000",0%,"₩23,000",N/A,N/A,https://images-kr.amoremall.com/products/765001000086/765001000086_01.jpg?1649138567099,https://www.amoremall.com/kr/ko/product/detail?onlineProdSn=51615&onlineProdCode=765001000086,2025-12-03 14:30:47
아윤채,더마 카밍 스칼프 마스크 100ml,4.47,30,"₩23,000",0%,"₩23,000",N/A,N/A,https://images-kr.amoremall.com/products/765001000085/765001000085_01.jpg?1754961937101,https://www.amoremall.com/kr/ko/product/detail?onlineProdSn=51596&onlineProdCode=765001000085,2025-12-03 14:30:53
아윤채,더마 카밍 스칼프 세럼 80ml,4.59,69,"₩41,000",0%,"₩41,000",N/A,N/A,https://images-kr.amoremall.com/products/765001000073/765001000073_01.jpg?1755739794949,https://www.amoremall.com/kr/ko/product/detail?onlineProdSn=48562&onlineProdCode=765001000073,2025-12-03 14:30:59
