[
  {
    "브랜드": "아모스 프로페셔널",
    "상품명": "컬링 에센스 2X 150ml",
    "별점": 4.84,
    "리뷰 개수": 132,
    "원가": "₩17,000",
    "할인율": "0%",
    "판매가": "₩17,000",
    "피부타입별 구매비율": "N/A",
    "연령대별 구매비율": "N/A",
    "상품상세 이미지": "https://images-kr.amoremall.com/products/004051000011/004051000011_01.jpg?1740375085445",
    "상품 URL": "https://www.amoremall.com/kr/ko/product/detail?onlineProdSn=64139&onlineProdCode=004051000011",
    "크롤링 시간": "2025-12-03 14:15:52"
  },
  {
    "브랜드": "아모스 프로페셔널",
    "상품명": "녹차실감 샴푸 지성 두피용 500g",
    "별점": 4.81,
    "리뷰 개수": 116,
    "원가": "₩36,000",
    "할인율": "0%",
    "판매가": "₩36,000",
    "피부타입별 구매비율": "N/A",
    "연령대별 구매비율": "N/A",
    "상품상세 이미지": "https://images-kr.amoremall.com/products/004051000001/004051000001_01.jpg?1740370112514",
    "상품 URL": "https://www.amoremall.com/kr/ko/product/detail?onlineProdSn=64110&onlineProdCode=004051000001",
    "크롤링 시간": "2025-12-03 14:16:04"
  },
  {
    "브랜드": "아모스 프로페셔널",
    "상품명": "퓨어스마트 샴푸 프레시 500g",
    "별점": 4.86,
    "리뷰 개수": 125,
    "원가": "₩25,000",
    "할인율": "0%",
    "판매가": "₩25,000",
    "피부타입별 구매비율": "N/A",
    "연령대별 구매비율": "N/A",
    "상품상세 이미지": "https://images-kr.amoremall.com/products/004051000008/004051000008_01.jpg?1740374639351",
    "상품 URL": "https://www.amoremall.com/kr/ko/product/detail?onlineProdSn=64136&onlineProdCode=004051000008",
    "크롤링 시간": "2025-12-03 14:16:11"
  },
  {
    "브랜드": "아모스 프로페셔널",
    "상품명": "컬링 에센스 2X 피치 블라썸 150ml",
    "별점": 4.86,
    "리뷰 개수": 36,
    "원가": "₩17,000",
    "할인율": "0%",
    "판매가": "₩17,000",
    "피부타입별 구매비율": "N/A",
    "연령대별 구매비율": "N/A",
    "상품상세 이미지": "https://images-kr.amoremall.com/products/004051000012/004051000012_01.jpg?1740375317318",
    "상품 URL": "https://www.amoremall.com/kr/ko/product/detail?onlineProdSn=64141&onlineProdCode=004051000012",
    "크롤링 시간": "2025-12-03 14:16:18"
  },
  {
    "브랜드": "아모스 프로페셔널",
    "상품명": "리페어 시카 앰플 트리트먼트 230ml",
    "별점": 4.97,
    "리뷰 개수": 87,
    "원가": "₩32,000",
    "할인율": "0%",
    "판매가": "₩32,000",
    "피부타입별 구매비율": "N/A",
    "연령대별 구매비율": "N/A",
    "상품상세 이미지": "https://images-kr.amoremall.com/products/004051000017/004051000017_01.jpg?1740379667877",
    "상품 URL": "https://www.amoremall.com/kr/ko/product/detail?onlineProdSn=64149&onlineProdCode=004051000017",
    "크롤링 시간": "2025-12-03 14:16:24"
  },
  {
    "브랜드": "아모스 프로페셔널",
    "상품명": "녹차실감 샴푸 중건성 두피용 500g",
    "별점": 4.94,
    "리뷰 개수": 49,
    "원가": "₩36,000",
    "할인율": "0%",
    "판매가": "₩36,000",
    "피부타입별 구매비율": "N/A",
    "연령대별 구매비율": "N/A",
    "상품상세 이미지": "https://images-kr.amoremall.com/products/004051000002/004051000002_01.jpg?1740532667088",
    "상품 URL": "https://www.amoremall.com/kr/ko/product/detail?onlineProdSn=64119&onlineProdCode=004051000002",
    "크롤링 시간": "2025-12-03 14:16:47"
  },
  {
    "브랜드": "아모스 프로페셔널",
    "상품명": "리페어 시카 프로틴 인텐시브 크림 150ml",
    "별점": 4.92,
    "리뷰 개수": 83,
    "원가": "₩32,000",
    "할인율": "0%",
    "판매가": "₩32,000",
    "피부타입별 구매비율": "N/A",
    "연령대별 구매비율": "N/A",
    "상품상세 이미지": "https://images-kr.amoremall.com/products/004051000018/004051000018_01.jpg?1740379778310",
    "상품 URL": "https://www.amoremall.com/kr/ko/product/detail?onlineProdSn=64150&onlineProdCode=004051000018",
    "크롤링 시간": "2025-12-03 14:16:56"
  },
  {
    "브랜드": "아모스 프로페셔널",
    "상품명": "녹차실감 샴푸 민감성 두피용 500g",
    "별점": 4.73,
    "리뷰 개수": 56,
    "원가": "₩36,000",
    "할인율": "0%",
    "판매가": "₩36,000",
    "피부타입별 구매비율": "N/A",
    "연령대별 구매비율": "N/A",
    "상품상세 이미지": "https://images-kr.amoremall.com/products/004051000003/004051000003_01.jpg?1740370811903",
    "상품 URL": "https://www.amoremall.com/kr/ko/product/detail?onlineProdSn=64120&onlineProdCode=004051000003",
    "크롤링 시간": "2025-12-03 14:17:04"
  },
  {
    "브랜드": "아모스 프로페셔널",
    "상품명": "리페어 시카 샴푸 500g",
    "별점": 4.88,
    "리뷰 개수": 50,
    "원가": "₩32,000",
    "할인율": "0%",
    "판매가": "₩32,000",
    "피부타입별 구매비율": "N/A",
    "연령대별 구매비율": "N/A",
    "상품상세 이미지": "https://images-kr.amoremall.com/products/004051000014/004051000014_01.jpg?1740378892643",
    "상품 URL": "https://www.amoremall.com/kr/ko/product/detail?onlineProdSn=64145&onlineProdCode=004051000014",
    "크롤링 시간": "2025-12-03 14:17:11"
  },
  {
    "브랜드": "아모스 프로페셔널",
    "상품명": "리페어 CMC 트리트먼트 200ml",
    "별점": 4.83,
    "리뷰 개수": 60,
    "원가": "₩28,000",
    "할인율": "0%",
    "판매가": "₩28,000",
    "피부타입별 구매비율": "N/A",
    "연령대별 구매비율": "N/A",
    "상품상세 이미지": "https://images-kr.amoremall.com/products/004051000020/004051000020_01.jpg?1740380027915",
    "상품 URL": "https://www.amoremall.com/kr/ko/product/detail?onlineProdSn=64152&onlineProdCode=004051000020",
    "크롤링 시간": "2025-12-03 14:17:18"
  },
  {
    "브랜드": "아모스 프로페셔널",
    "상품명": "컬링 크림 150ml",
    "별점": 4.9,
    "리뷰 개수": 48,
    "원가": "₩17,000",
    "할인율": "0%",
    "판매가": "₩17,000",
    "피부타입별 구매비율": "N/A",
    "연령대별 구매비율": "N/A",
    "상품상세 이미지": "https://images-kr.amoremall.com/products/004051000010/004051000010_01.jpg?1740374959130",
    "상품 URL": "https://www.amoremall.com/kr/ko/product/detail?onlineProdSn=64138&onlineProdCode=004051000010",
    "크롤링 시간": "2025-12-03 14:17:27"
  },
  {
    "브랜드": "아모스 프로페셔널",
    "상품명": "녹차실감 스무딩 팩 250ml",
    "별점": 4.97,
    "리뷰 개수": 37,
    "원가": "₩32,000",
    "할인율": "0%",
    "판매가": "₩32,000",
    "피부타입별 구매비율": "N/A",
    "연령대별 구매비율": "N/A",
    "상품상세 이미지": "https://images-kr.amoremall.com/products/004051000004/004051000004_01.jpg?1740370983611",
    "상품 URL": "https://www.amoremall.com/kr/ko/product/detail?onlineProdSn=64122&onlineProdCode=004051000004",
    "크롤링 시간": "2025-12-03 14:17:34"
  },
  {
    "브랜드": "아모스 프로페셔널",
    "상품명": "리페어 CMC 쉴드 세럼 200ml",
    "별점": 4.89,
    "리뷰 개수": 46,
    "원가": "₩29,000",
    "할인율": "0%",
    "판매가": "₩29,000",
    "피부타입별 구매비율": "N/A",
    "연령대별 구매비율": "N/A",
    "상품상세 이미지": "https://images-kr.amoremall.com/products/004051000021/004051000021_01.jpg?1740380127406",
    "상품 URL": "https://www.amoremall.com/kr/ko/product/detail?onlineProdSn=64153&onlineProdCode=004051000021",
    "크롤링 시간": "2025-12-03 14:17:40"
  },
  {
    "브랜드": "아모스 프로페셔널",
    "상품명": "리페어 CMC 오일 100ml",
    "별점": 5.0,
    "리뷰 개수": 28,
    "원가": "₩27,000",
    "할인율": "0%",
    "판매가": "₩27,000",
    "피부타입별 구매비율": "N/A",
    "연령대별 구매비율": "N/A",
    "상품상세 이미지": "https://images-kr.amoremall.com/products/004051000022/004051000022_01.jpg?1740380395575",
    "상품 URL": "https://www.amoremall.com/kr/ko/product/detail?onlineProdSn=64154&onlineProdCode=004051000022",
    "크롤링 시간": "2025-12-03 14:17:47"
  },
  {
    "브랜드": "아모스 프로페셔널",
    "상품명": "리페어 시카 트리트먼트 200ml",
    "별점": 4.78,
    "리뷰 개수": 37,
    "원가": "₩32,000",
    "할인율": "0%",
    "판매가": "₩32,000",
    "피부타입별 구매비율": "N/A",
    "연령대별 구매비율": "N/A",
    "상품상세 이미지": "https://images-kr.amoremall.com/products/004051000015/004051000015_01.jpg?1740379426682",
    "상품 URL": "https://www.amoremall.com/kr/ko/product/detail?onlineProdSn=64147&onlineProdCode=004051000015",
    "크롤링 시간": "2025-12-03 14:17:53"
  },
  {
    "브랜드": "아모스 프로페셔널",
    "상품명": "퓨어스마트 샴푸 딥액션 500g",
    "별점": 4.87,
    "리뷰 개수": 47,
    "원가": "₩28,000",
    "할인율": "0%",
    "판매가": "₩28,000",
    "피부타입별 구매비율": "N/A",
    "연령대별 구매비율": "N/A",
    "상품상세 이미지": "https://images-kr.amoremall.com/products/004051000007/004051000007_01.jpg?1740374535552",
    "상품 URL": "https://www.amoremall.com/kr/ko/product/detail?onlineProdSn=64135&onlineProdCode=004051000007",
    "크롤링 시간": "2025-12-03 14:18:00"
  },
  {
    "브랜드": "아모스 프로페셔널",
    "상품명": "리페어 CMC 샴푸 500g",
    "별점": 4.93,
    "리뷰 개수": 42,
    "원가": "₩28,000",
    "할인율": "0%",
    "판매가": "₩28,000",
    "피부타입별 구매비율": "N/A",
    "연령대별 구매비율": "N/A",
    "상품상세 이미지": "https://images-kr.amoremall.com/products/004051000019/004051000019_01.jpg?1740379926530",
    "상품 URL": "https://www.amoremall.com/kr/ko/product/detail?onlineProdSn=64151&onlineProdCode=004051000019",
    "크롤링 시간": "2025-12-03 14:18:16"
  },
  {
    "브랜드": "아모스 프로페셔널",
    "상품명": "리페어 시카 본딩 오일 100ml",
    "별점": 4.84,
    "리뷰 개수": 19,
    "원가": "₩32,000",
    "할인율": "0%",
    "판매가": "₩32,000",
    "피부타입별 구매비율": "N/A",
    "연령대별 구매비율": "N/A",
    "상품상세 이미지": "https://images-kr.amoremall.com/products/004051000016/004051000016_01.jpg?1740379546094",
    "상품 URL": "https://www.amoremall.com/kr/ko/product/detail?onlineProdSn=64148&onlineProdCode=004051000016",
    "크롤링 시간": "2025-12-03 14:18:25"
  },
  {
    "브랜드": "아모스 프로페셔널",
    "상품명": "녹차실감 퍼펙션 토닉 50ml",
    "별점": 4.83,
    "리뷰 개수": 6,
    "원가": "₩32,000",
    "할인율": "0%",
    "판매가": "₩32,000",
    "피부타입별 구매비율": "N/A",
    "연령대별 구매비율": "N/A",
    "상품상세 이미지": "https://images-kr.amoremall.com/products/004051000034/004051000034_01.jpg?1756449012033",
    "상품 URL": "https://www.amoremall.com/kr/ko/product/detail?onlineProdSn=66652&onlineProdCode=004051000034",
    "크롤링 시간": "2025-12-03 14:18:33"
  },
  {
    "브랜드": "아모스 프로페셔널",
    "상품명": "컬링 픽서 140ml",
    "별점": 4.67,
    "리뷰 개수": 9,
    "원가": "₩20,000",
    "할인율": "0%",
    "판매가": "₩20,000",
    "피부타입별 구매비율": "N/A",
    "연령대별 구매비율": "N/A",
    "상품상세 이미지": "https://images-kr.amoremall.com/products/004051000028/004051000028_01.jpg?1754378324414",
    "상품 URL": "https://www.amoremall.com/kr/ko/product/detail?onlineProdSn=66376&onlineProdCode=004051000028",
    "크롤링 시간": "2025-12-03 14:18:40"
  }
]