﻿브랜드,상품명,별점,리뷰 개수,원가,할인율,판매가,피부타입별 구매비율,연령대별 구매비율,상품상세 이미지,상품 URL,크롤링 시간
세잔느,[세잔느] 톤업 아이섀도우,4.33,9,"₩15,000",0%,"₩15,000",N/A,N/A,https://images-kr.amoremall.com/products/002051000007/002051000007_01.jpg?1741771951484,https://www.amoremall.com/kr/ko/product/detail?onlineProdSn=24403&onlineProdCode=002051000007,2025-12-03 13:53:48
세잔느,[세잔느] 마스카라 리무버,4.67,6,"₩12,000",0%,"₩12,000",N/A,N/A,https://images-kr.amoremall.com/products/002051000033/002051000033_01.jpg?1706170863884,https://www.amoremall.com/kr/ko/product/detail?onlineProdSn=60733&onlineProdCode=002051000033,2025-12-03 13:54:02
세잔느,[세잔느] 팔레트 컨실러,3.0,1,"₩18,000",0%,"₩18,000",N/A,N/A,"https://images-kr.amoremall.com/products/002051000012/002051000012_01.jpg?1710121710534, https://images-kr.amoremall.com/products/002051000012/002051000012_02.png?1619763266970",https://www.amoremall.com/kr/ko/product/detail?onlineProdSn=24408&onlineProdCode=002051000012,2025-12-03 13:55:02
세잔느,[세잔느] 내추럴치크N 3.5g,4.65,130,"₩13,000",0%,"₩13,000",N/A,N/A,https://images-kr.amoremall.com/products/002051000002/002051000002_01.jpg?1710122213653,https://www.amoremall.com/kr/ko/product/detail?onlineProdSn=24398&onlineProdCode=002051000002,2025-12-03 13:55:21
세잔느,[세잔느] 라스팅 글로스립,4.35,20,"₩13,900",0%,"₩13,900",N/A,N/A,"https://images-kr.amoremall.com/products/002051000008/002051000008_01.jpg?1710122108901, https://images-kr.amoremall.com/products/002051000008/002051000008_02.jpg?1710122108901",https://www.amoremall.com/kr/ko/product/detail?onlineProdSn=24404&onlineProdCode=002051000008,2025-12-03 13:55:34
세잔느,[세잔느] 슈퍼 슬림 아이브로우,4.45,11,"₩15,000",0%,"₩15,000",N/A,N/A,"https://images-kr.amoremall.com/products/002051000017/002051000017_01.jpg?1710121148639, https://images-kr.amoremall.com/products/002051000017/002051000017_02.png?1619762234294",https://www.amoremall.com/kr/ko/product/detail?onlineProdSn=27031&onlineProdCode=002051000017,2025-12-03 13:55:44
세잔느,[세잔느] 워터리 틴트 립 4g,0,0,"₩12,900",0%,"₩12,900",N/A,N/A,https://images-kr.amoremall.com/products/002051000026/002051000026_01.jpg?1710120524196,https://www.amoremall.com/kr/ko/product/detail?onlineProdSn=48634&onlineProdCode=002051000026,2025-12-03 13:55:52
세잔느,[세잔느] 글로우 리퀴드 라이너,5.0,1,"₩15,000",0%,"₩15,000",N/A,N/A,"https://images-kr.amoremall.com/products/002051000036/002051000036_01.jpg?1741911455225, https://images-kr.amoremall.com/products/002051000036/002051000036_02.png?1741911455225",https://www.amoremall.com/kr/ko/product/detail?onlineProdSn=64378&onlineProdCode=002051000036,2025-12-03 13:56:00
세잔느,[세잔느] 아이 메이크베이스,4.17,6,"₩15,000",0%,"₩15,000",N/A,N/A,"https://images-kr.amoremall.com/products/002051000037/002051000037_01.jpg?1741911530454, https://images-kr.amoremall.com/products/002051000037/002051000037_02.png?1741911530454",https://www.amoremall.com/kr/ko/product/detail?onlineProdSn=64379&onlineProdCode=002051000037,2025-12-03 13:56:10
세잔느,[세잔느] 헤어 메이크업 파우더,4.5,2,"₩16,000",0%,"₩16,000",N/A,N/A,https://images-kr.amoremall.com/products/002051000032/002051000032_01.jpg?1706170785271,https://www.amoremall.com/kr/ko/product/detail?onlineProdSn=60732&onlineProdCode=002051000032,2025-12-03 13:56:18
세잔느,[세잔느] 드로잉 더블 아이라이너,4.8,15,"₩13,900",0%,"₩13,900",N/A,N/A,"https://images-kr.amoremall.com/products/002051000015/002051000015_01.jpg?1710121473092, https://images-kr.amoremall.com/products/002051000015/002051000015_02.png?1619761005674",https://www.amoremall.com/kr/ko/product/detail?onlineProdSn=24411&onlineProdCode=002051000015,2025-12-03 13:56:43
세잔느,[세잔느] 내추럴 매트 쉐이딩,4.25,4,"₩15,000",0%,"₩15,000",N/A,N/A,https://images-kr.amoremall.com/products/002051000031/002051000031_01.jpg?1710119994908,https://www.amoremall.com/kr/ko/product/detail?onlineProdSn=59227&onlineProdCode=002051000031,2025-12-03 13:57:19
세잔느,[세잔느] 드로잉 아이존 컨실러,5.0,2,"₩14,000",0%,"₩14,000",N/A,N/A,https://images-kr.amoremall.com/products/002051000035/002051000035_01.jpg?1706171010943,https://www.amoremall.com/kr/ko/product/detail?onlineProdSn=60735&onlineProdCode=002051000035,2025-12-03 13:57:49
세잔느,[세잔느] 퀵 앤 이지 헤어 마스카라,4.5,10,"₩17,000",0%,"₩17,000",N/A,N/A,https://images-kr.amoremall.com/products/002051000030/002051000030_01.jpg?1710119810906,https://www.amoremall.com/kr/ko/product/detail?onlineProdSn=53945&onlineProdCode=002051000030,2025-12-03 13:58:04
세잔느,[세잔느] 젤 아이라이너(핑크베이지),5.0,1,"₩12,000",0%,"₩12,000",N/A,N/A,https://images-kr.amoremall.com/products/002051000034/002051000034_01.jpg?1706170929640,https://www.amoremall.com/kr/ko/product/detail?onlineProdSn=60734&onlineProdCode=002051000034,2025-12-03 13:58:11
세잔느,[세잔느] 아이브로우 코트 EX,5.0,1,"₩13,900",0%,"₩13,900",N/A,N/A,"https://images-kr.amoremall.com/products/002051000024/002051000024_01.jpg?1710120988666, https://images-kr.amoremall.com/products/002051000024/002051000024_02.png?1619761973984",https://www.amoremall.com/kr/ko/product/detail?onlineProdSn=39998&onlineProdCode=002051000024,2025-12-03 13:58:19
세잔느,[세잔느] 펄 글로우 하이라이트 스페셜 에디션,5.0,1,"₩15,000",0%,"₩15,000",N/A,N/A,https://images-kr.amoremall.com/products/002051000039/002051000039_01.jpg?1753685193627,https://www.amoremall.com/kr/ko/product/detail?onlineProdSn=66280&onlineProdCode=002051000039,2025-12-03 13:58:37
세잔느,[세잔느] 메이크 킵 베이스(퓨어라벤더 추가),4.28,46,"₩17,000",41%,"₩9,900",N/A,N/A,https://images-kr.amoremall.com/products/002051000010/002051000010_01.png?1734332154576,https://www.amoremall.com/kr/ko/product/detail?onlineProdSn=24406&onlineProdCode=002051000010,2025-12-03 13:58:43
세잔느,[세잔느]  메이크 킵 베이스 라이트블루+미니 베이스 브러쉬 기획 SET,4.79,19,"₩20,000",0%,"₩20,000",N/A,N/A,https://images-kr.amoremall.com/products/002051000038/002051000038_01.jpg?1747188323620,https://www.amoremall.com/kr/ko/product/detail?onlineProdSn=65055&onlineProdCode=002051000038,2025-12-03 13:58:50
