﻿브랜드,상품명,별점,리뷰 개수,원가,할인율,판매가,피부타입별 구매비율,연령대별 구매비율,상품상세 이미지,상품 URL,크롤링 시간
오딧세이,로맨틱 스페셜 2종 세트 (130ml+130ml),4.88,2116,"₩59,800",30%,"₩41,860",N/A,N/A,https://images-kr.amoremall.com/products/111110000071/111110000071_01.png?1764114296062,https://www.amoremall.com/kr/ko/product/detail?onlineProdSn=59822&onlineProdCode=111110000071,2025-12-03 14:58:39
오딧세이,블랙 스페셜 2종 세트 (130ml+130ml),4.91,1586,"₩79,800",30%,"₩55,860",N/A,N/A,https://images-kr.amoremall.com/products/111110000074/111110000074_01.png?1764114708236,https://www.amoremall.com/kr/ko/product/detail?onlineProdSn=59825&onlineProdCode=111110000074,2025-12-03 14:58:45
오딧세이,로맨틱 스킨 리파이너 130ml,4.89,614,"₩29,900",20%,"₩23,920",N/A,N/A,https://images-kr.amoremall.com/products/111110000069/111110000069_01.png?1696474395563,https://www.amoremall.com/kr/ko/product/detail?onlineProdSn=59819&onlineProdCode=111110000069,2025-12-03 14:58:50
오딧세이,로맨틱 에멀전 130ml,4.91,266,"₩29,900",20%,"₩23,920",N/A,N/A,https://images-kr.amoremall.com/products/111110000070/111110000070_01.png?1696474432734,https://www.amoremall.com/kr/ko/product/detail?onlineProdSn=59820&onlineProdCode=111110000070,2025-12-03 14:58:55
오딧세이,블랙 에멀전 130ml,4.9,135,"₩39,900",20%,"₩31,920",N/A,N/A,https://images-kr.amoremall.com/products/111110000073/111110000073_01.png?1696474195394,https://www.amoremall.com/kr/ko/product/detail?onlineProdSn=59824&onlineProdCode=111110000073,2025-12-03 14:59:01
오딧세이,챕터파이브 생츄어리 2종 세트,4.87,203,"₩82,000",0%,"₩82,000",N/A,N/A,"https://images-kr.amoremall.com/products/111110000082/111110000082_01.png?1703756130869, https://images-kr.amoremall.com/products/111110000082/111110000082_03.png?1703756130869, https://images-kr.amoremall.com/products/111110000082/111110000082_04.png?1703756130869",https://www.amoremall.com/kr/ko/product/detail?onlineProdSn=60523&onlineProdCode=111110000082,2025-12-03 14:59:07
오딧세이,블랙 스킨 리파이너 130ml,4.83,282,"₩39,900",20%,"₩31,920",N/A,N/A,https://images-kr.amoremall.com/products/111110000072/111110000072_01.png?1696474507232,https://www.amoremall.com/kr/ko/product/detail?onlineProdSn=59823&onlineProdCode=111110000072,2025-12-03 14:59:14
오딧세이,챕터파이브 라이트하우스 2종 세트,4.92,165,"₩82,000",20%,"₩65,600",N/A,N/A,"https://images-kr.amoremall.com/products/111110000081/111110000081_01.png?1736139423569, https://images-kr.amoremall.com/products/111110000081/111110000081_03.png?1703755925209, https://images-kr.amoremall.com/products/111110000081/111110000081_04.png?1703755925209",https://www.amoremall.com/kr/ko/product/detail?onlineProdSn=60522&onlineProdCode=111110000081,2025-12-03 14:59:20
오딧세이,오딧세이xMMY 콜라보레이션 크로스백,0,0,"₩20,000",0%,"₩20,000",N/A,N/A,"https://images-kr.amoremall.com/products/111110000122/111110000122_01.png?1764720063889, https://images-kr.amoremall.com/products/111110000122/111110000122_02.png?1764720063889, https://images-kr.amoremall.com/products/111110000122/111110000122_03.png?1764720063889",https://www.amoremall.com/kr/ko/product/detail?onlineProdSn=67781&onlineProdCode=111110000122,2025-12-03 14:59:26
오딧세이,오딧세이xMMY 콜라보레이션 토트백,0,0,"₩30,000",0%,"₩30,000",N/A,N/A,"https://images-kr.amoremall.com/products/111110000123/111110000123_01.png?1764720223963, https://images-kr.amoremall.com/products/111110000123/111110000123_02.png?1764720223963, https://images-kr.amoremall.com/products/111110000123/111110000123_03.png?1764720223963",https://www.amoremall.com/kr/ko/product/detail?onlineProdSn=67782&onlineProdCode=111110000123,2025-12-03 14:59:33
