[
  {
    "브랜드": "아모레성수",
    "상품명": "아모레 성수 토너 210ml",
    "별점": 4.74,
    "리뷰 개수": 1019,
    "원가": "₩18,000",
    "할인율": "0%",
    "판매가": "₩18,000",
    "피부타입별 구매비율": "N/A",
    "연령대별 구매비율": "N/A",
    "상품상세 이미지": "https://images-kr.amoremall.com/products/999990000093/999990000093_01.jpg?1731368869722, https://images-kr.amoremall.com/products/999990000093/999990000093_02.jpg?1731368869722, https://images-kr.amoremall.com/products/999990000093/999990000093_03.png?1731368957370, https://images-kr.amoremall.com/products/999990000093/999990000093_04.png?1731368957370",
    "상품 URL": "https://www.amoremall.com/kr/ko/product/detail?onlineProdSn=31511&onlineProdCode=999990000093",
    "크롤링 시간": "2025-12-03 14:03:58"
  },
  {
    "브랜드": "아모레성수",
    "상품명": "01 아이브로우 브러쉬",
    "별점": 4.79,
    "리뷰 개수": 29,
    "원가": "₩15,000",
    "할인율": "0%",
    "판매가": "₩15,000",
    "피부타입별 구매비율": "N/A",
    "연령대별 구매비율": "N/A",
    "상품상세 이미지": "https://images-kr.amoremall.com/products/112770000002/112770000002_01.jpg?1713762874604",
    "상품 URL": "https://www.amoremall.com/kr/ko/product/detail?onlineProdSn=61110&onlineProdCode=112770000002",
    "크롤링 시간": "2025-12-03 14:04:05"
  },
  {
    "브랜드": "아모레성수",
    "상품명": "03 언더섀도우 브러쉬",
    "별점": 4.64,
    "리뷰 개수": 22,
    "원가": "₩13,000",
    "할인율": "0%",
    "판매가": "₩13,000",
    "피부타입별 구매비율": "N/A",
    "연령대별 구매비율": "N/A",
    "상품상세 이미지": "https://images-kr.amoremall.com/products/112770000004/112770000004_01.jpg?1713762906338",
    "상품 URL": "https://www.amoremall.com/kr/ko/product/detail?onlineProdSn=61112&onlineProdCode=112770000004",
    "크롤링 시간": "2025-12-03 14:04:16"
  },
  {
    "브랜드": "아모레성수",
    "상품명": "07 아이섀도우 브러쉬 (베이스)",
    "별점": 4.85,
    "리뷰 개수": 20,
    "원가": "₩15,000",
    "할인율": "0%",
    "판매가": "₩15,000",
    "피부타입별 구매비율": "N/A",
    "연령대별 구매비율": "N/A",
    "상품상세 이미지": "https://images-kr.amoremall.com/products/112770000008/112770000008_01.jpg?1713763003683",
    "상품 URL": "https://www.amoremall.com/kr/ko/product/detail?onlineProdSn=61116&onlineProdCode=112770000008",
    "크롤링 시간": "2025-12-03 14:04:22"
  },
  {
    "브랜드": "아모레성수",
    "상품명": "12 블러셔 브러쉬",
    "별점": 4.69,
    "리뷰 개수": 26,
    "원가": "₩20,000",
    "할인율": "0%",
    "판매가": "₩20,000",
    "피부타입별 구매비율": "N/A",
    "연령대별 구매비율": "N/A",
    "상품상세 이미지": "https://images-kr.amoremall.com/products/112770000013/112770000013_01.jpg?1713763120701",
    "상품 URL": "https://www.amoremall.com/kr/ko/product/detail?onlineProdSn=61121&onlineProdCode=112770000013",
    "크롤링 시간": "2025-12-03 14:04:31"
  },
  {
    "브랜드": "아모레성수",
    "상품명": "13 파우더 브러쉬",
    "별점": 4.96,
    "리뷰 개수": 24,
    "원가": "₩23,000",
    "할인율": "0%",
    "판매가": "₩23,000",
    "피부타입별 구매비율": "N/A",
    "연령대별 구매비율": "N/A",
    "상품상세 이미지": "https://images-kr.amoremall.com/products/112770000014/112770000014_01.jpg?1713763161609",
    "상품 URL": "https://www.amoremall.com/kr/ko/product/detail?onlineProdSn=61122&onlineProdCode=112770000014",
    "크롤링 시간": "2025-12-03 14:04:40"
  },
  {
    "브랜드": "아모레성수",
    "상품명": "04 아이섀도우 브러쉬 (스몰)",
    "별점": 4.81,
    "리뷰 개수": 16,
    "원가": "₩13,000",
    "할인율": "0%",
    "판매가": "₩13,000",
    "피부타입별 구매비율": "N/A",
    "연령대별 구매비율": "N/A",
    "상품상세 이미지": "https://images-kr.amoremall.com/products/112770000005/112770000005_01.jpg?1713762921631",
    "상품 URL": "https://www.amoremall.com/kr/ko/product/detail?onlineProdSn=61113&onlineProdCode=112770000005",
    "크롤링 시간": "2025-12-03 14:04:46"
  },
  {
    "브랜드": "아모레성수",
    "상품명": "10 파운데이션 브러쉬",
    "별점": 4.51,
    "리뷰 개수": 37,
    "원가": "₩26,000",
    "할인율": "0%",
    "판매가": "₩26,000",
    "피부타입별 구매비율": "N/A",
    "연령대별 구매비율": "N/A",
    "상품상세 이미지": "https://images-kr.amoremall.com/products/112770000011/112770000011_01.jpg?1713763060191",
    "상품 URL": "https://www.amoremall.com/kr/ko/product/detail?onlineProdSn=61119&onlineProdCode=112770000011",
    "크롤링 시간": "2025-12-03 14:04:55"
  },
  {
    "브랜드": "아모레성수",
    "상품명": "11 하이라이트 브러쉬",
    "별점": 4.48,
    "리뷰 개수": 21,
    "원가": "₩18,000",
    "할인율": "0%",
    "판매가": "₩18,000",
    "피부타입별 구매비율": "N/A",
    "연령대별 구매비율": "N/A",
    "상품상세 이미지": "https://images-kr.amoremall.com/products/112770000012/112770000012_01.jpg?1713763104952",
    "상품 URL": "https://www.amoremall.com/kr/ko/product/detail?onlineProdSn=61120&onlineProdCode=112770000012",
    "크롤링 시간": "2025-12-03 14:05:02"
  },
  {
    "브랜드": "아모레성수",
    "상품명": "11 하이라이트 브러쉬",
    "별점": 4.48,
    "리뷰 개수": 21,
    "원가": "₩18,000",
    "할인율": "0%",
    "판매가": "₩18,000",
    "피부타입별 구매비율": "N/A",
    "연령대별 구매비율": "N/A",
    "상품상세 이미지": "https://images-kr.amoremall.com/products/112770000012/112770000012_01.jpg?1713763104952",
    "상품 URL": "https://www.amoremall.com/kr/ko/product/detail?onlineProdSn=61120&onlineProdCode=112770000012",
    "크롤링 시간": "2025-12-03 14:05:23"
  },
  {
    "브랜드": "아모레성수",
    "상품명": "09 컨실러 브러쉬",
    "별점": 4.7,
    "리뷰 개수": 20,
    "원가": "₩13,000",
    "할인율": "0%",
    "판매가": "₩13,000",
    "피부타입별 구매비율": "N/A",
    "연령대별 구매비율": "N/A",
    "상품상세 이미지": "https://images-kr.amoremall.com/products/112770000010/112770000010_01.jpg?1713763044263",
    "상품 URL": "https://www.amoremall.com/kr/ko/product/detail?onlineProdSn=61118&onlineProdCode=112770000010",
    "크롤링 시간": "2025-12-03 14:05:33"
  },
  {
    "브랜드": "아모레성수",
    "상품명": "05 아이섀도우 브러쉬 (미디움)",
    "별점": 4.83,
    "리뷰 개수": 18,
    "원가": "₩14,000",
    "할인율": "0%",
    "판매가": "₩14,000",
    "피부타입별 구매비율": "N/A",
    "연령대별 구매비율": "N/A",
    "상품상세 이미지": "https://images-kr.amoremall.com/products/112770000006/112770000006_01.jpg?1713762949217",
    "상품 URL": "https://www.amoremall.com/kr/ko/product/detail?onlineProdSn=61114&onlineProdCode=112770000006",
    "크롤링 시간": "2025-12-03 14:05:41"
  },
  {
    "브랜드": "아모레성수",
    "상품명": "14 컨투어링 브러쉬",
    "별점": 4.95,
    "리뷰 개수": 20,
    "원가": "₩20,000",
    "할인율": "0%",
    "판매가": "₩20,000",
    "피부타입별 구매비율": "N/A",
    "연령대별 구매비율": "N/A",
    "상품상세 이미지": "https://images-kr.amoremall.com/products/112770000015/112770000015_01.jpg?1713763178116",
    "상품 URL": "https://www.amoremall.com/kr/ko/product/detail?onlineProdSn=61123&onlineProdCode=112770000015",
    "크롤링 시간": "2025-12-03 14:05:49"
  },
  {
    "브랜드": "아모레성수",
    "상품명": "15 립 브러쉬",
    "별점": 4.79,
    "리뷰 개수": 29,
    "원가": "₩13,000",
    "할인율": "0%",
    "판매가": "₩13,000",
    "피부타입별 구매비율": "N/A",
    "연령대별 구매비율": "N/A",
    "상품상세 이미지": "https://images-kr.amoremall.com/products/112770000016/112770000016_01.jpg?1713763195052",
    "상품 URL": "https://www.amoremall.com/kr/ko/product/detail?onlineProdSn=61124&onlineProdCode=112770000016",
    "크롤링 시간": "2025-12-03 14:05:55"
  },
  {
    "브랜드": "아모레성수",
    "상품명": "02 아이섀도우 홀 브러쉬",
    "별점": 4.6,
    "리뷰 개수": 5,
    "원가": "₩13,000",
    "할인율": "0%",
    "판매가": "₩13,000",
    "피부타입별 구매비율": "N/A",
    "연령대별 구매비율": "N/A",
    "상품상세 이미지": "https://images-kr.amoremall.com/products/112770000003/112770000003_01.jpg?1713762854891",
    "상품 URL": "https://www.amoremall.com/kr/ko/product/detail?onlineProdSn=61111&onlineProdCode=112770000003",
    "크롤링 시간": "2025-12-03 14:06:05"
  },
  {
    "브랜드": "아모레성수",
    "상품명": "06 아이섀도우 브러쉬 (앵글)",
    "별점": 4.6,
    "리뷰 개수": 10,
    "원가": "₩16,000",
    "할인율": "0%",
    "판매가": "₩16,000",
    "피부타입별 구매비율": "N/A",
    "연령대별 구매비율": "N/A",
    "상품상세 이미지": "https://images-kr.amoremall.com/products/112770000007/112770000007_01.jpg?1713762969970",
    "상품 URL": "https://www.amoremall.com/kr/ko/product/detail?onlineProdSn=61115&onlineProdCode=112770000007",
    "크롤링 시간": "2025-12-03 14:06:22"
  }
]