[
  {
    "브랜드": "언노운코드",
    "상품명": "언노운코드 디퓨저 250ml 세트",
    "별점": 4.65,
    "리뷰 개수": 322,
    "원가": "₩65,000",
    "할인율": "76%",
    "판매가": "₩15,000",
    "피부타입별 구매비율": "N/A",
    "연령대별 구매비율": "N/A",
    "상품상세 이미지": "https://images-kr.amoremall.com/products/003121000005/003121000005_01.jpg?1730767066815, https://images-kr.amoremall.com/products/003121000005/003121000005_02.jpg?1730767066815, https://images-kr.amoremall.com/products/003121000005/003121000005_03.jpg?1730767066815, https://images-kr.amoremall.com/products/003121000005/003121000005_04.jpg?1730767066815",
    "상품 URL": "https://www.amoremall.com/kr/ko/product/detail?onlineProdSn=59893&onlineProdCode=003121000005",
    "크롤링 시간": "2025-12-03 14:37:27"
  },
  {
    "브랜드": "언노운코드",
    "상품명": "언노운코드 핸드크림 60ml",
    "별점": 4.84,
    "리뷰 개수": 584,
    "원가": "₩25,000",
    "할인율": "60%",
    "판매가": "₩10,000",
    "피부타입별 구매비율": "N/A",
    "연령대별 구매비율": "N/A",
    "상품상세 이미지": "https://images-kr.amoremall.com/products/003121000001/003121000001_01.jpg?1730767037140, https://images-kr.amoremall.com/products/003121000001/003121000001_02.jpg?1730767037140, https://images-kr.amoremall.com/products/003121000001/003121000001_03.jpg?1730767037140, https://images-kr.amoremall.com/products/003121000001/003121000001_04.jpg?1730767037140",
    "상품 URL": "https://www.amoremall.com/kr/ko/product/detail?onlineProdSn=59881&onlineProdCode=003121000001",
    "크롤링 시간": "2025-12-03 14:37:33"
  },
  {
    "브랜드": "언노운코드",
    "상품명": "언노운코드 룸 스프레이 50ml",
    "별점": 4.75,
    "리뷰 개수": 234,
    "원가": "₩35,000",
    "할인율": "71%",
    "판매가": "₩10,000",
    "피부타입별 구매비율": "N/A",
    "연령대별 구매비율": "N/A",
    "상품상세 이미지": "https://images-kr.amoremall.com/products/003121000004/003121000004_01.jpg?1731304033451, https://images-kr.amoremall.com/products/003121000004/003121000004_02.jpg?1731285111834, https://images-kr.amoremall.com/products/003121000004/003121000004_03.jpg?1731285111834, https://images-kr.amoremall.com/products/003121000004/003121000004_04.jpg?1731285111834",
    "상품 URL": "https://www.amoremall.com/kr/ko/product/detail?onlineProdSn=59891&onlineProdCode=003121000004",
    "크롤링 시간": "2025-12-03 14:37:39"
  },
  {
    "브랜드": "언노운코드",
    "상품명": "언노운코드 더스크 챔버(WOODY) 디퓨저 리필액 250ml",
    "별점": 4.43,
    "리뷰 개수": 21,
    "원가": "₩29,000",
    "할인율": "65%",
    "판매가": "₩10,000",
    "피부타입별 구매비율": "N/A",
    "연령대별 구매비율": "N/A",
    "상품상세 이미지": "https://images-kr.amoremall.com/products/003121000010/003121000010_01.jpg?1736391379704",
    "상품 URL": "https://www.amoremall.com/kr/ko/product/detail?onlineProdSn=63741&onlineProdCode=003121000010",
    "크롤링 시간": "2025-12-03 14:37:46"
  },
  {
    "브랜드": "언노운코드",
    "상품명": "언노운코드 듀이 하버(MOSSY) 디퓨저 리필액 250ml",
    "별점": 4.5,
    "리뷰 개수": 18,
    "원가": "₩29,000",
    "할인율": "65%",
    "판매가": "₩10,000",
    "피부타입별 구매비율": "N/A",
    "연령대별 구매비율": "N/A",
    "상품상세 이미지": "https://images-kr.amoremall.com/products/003121000009/003121000009_01.jpg?1736391271426",
    "상품 URL": "https://www.amoremall.com/kr/ko/product/detail?onlineProdSn=63740&onlineProdCode=003121000009",
    "크롤링 시간": "2025-12-03 14:37:50"
  },
  {
    "브랜드": "언노운코드",
    "상품명": "언노운코드 미드나잇 뱅큇(FLORAL WOODY) 디퓨저 리필액 250ml",
    "별점": 4.57,
    "리뷰 개수": 47,
    "원가": "₩29,000",
    "할인율": "65%",
    "판매가": "₩10,000",
    "피부타입별 구매비율": "N/A",
    "연령대별 구매비율": "N/A",
    "상품상세 이미지": "https://images-kr.amoremall.com/products/003121000008/003121000008_01.jpg?1736391091242",
    "상품 URL": "https://www.amoremall.com/kr/ko/product/detail?onlineProdSn=63739&onlineProdCode=003121000008",
    "크롤링 시간": "2025-12-03 14:37:57"
  }
]