[
  {
    "브랜드": "앞바다즈",
    "상품명": "수면양말 1EA",
    "별점": 4.77,
    "리뷰 개수": 970,
    "원가": "₩7,000",
    "할인율": "0%",
    "판매가": "₩7,000",
    "피부타입별 구매비율": "N/A",
    "연령대별 구매비율": "N/A",
    "상품상세 이미지": "https://images-kr.amoremall.com/products/111530000003/111530000003_01.png?1721264195438, https://images-kr.amoremall.com/products/111530000003/111530000003_02.png?1672028025127, https://images-kr.amoremall.com/products/111530000003/111530000003_03.png?1672028025127, https://images-kr.amoremall.com/products/111530000003/111530000003_04.png?1672028025127, https://images-kr.amoremall.com/products/111530000003/111530000003_05.png?1672028025127, https://images-kr.amoremall.com/products/111530000003/111530000003_06.jpg?1721264195438",
    "상품 URL": "https://www.amoremall.com/kr/ko/product/detail?onlineProdSn=56092&onlineProdCode=111530000003",
    "크롤링 시간": "2025-12-03 14:34:12"
  },
  {
    "브랜드": "앞바다즈",
    "상품명": "앞바다즈 인형키링 8종",
    "별점": 4.86,
    "리뷰 개수": 181,
    "원가": "₩15,000",
    "할인율": "0%",
    "판매가": "₩15,000",
    "피부타입별 구매비율": "N/A",
    "연령대별 구매비율": "N/A",
    "상품상세 이미지": "https://images-kr.amoremall.com/products/111530000009/111530000009_01.png?1721264355606, https://images-kr.amoremall.com/products/111530000009/111530000009_02.png?1721264355606, https://images-kr.amoremall.com/products/111530000009/111530000009_03.png?1702881704392, https://images-kr.amoremall.com/products/111530000009/111530000009_04.png?1721264355606, https://images-kr.amoremall.com/products/111530000009/111530000009_05.png?1702881704392",
    "상품 URL": "https://www.amoremall.com/kr/ko/product/detail?onlineProdSn=60324&onlineProdCode=111530000009",
    "크롤링 시간": "2025-12-03 14:34:18"
  },
  {
    "브랜드": "앞바다즈",
    "상품명": "인형 파우치",
    "별점": 4.86,
    "리뷰 개수": 345,
    "원가": "₩14,000",
    "할인율": "0%",
    "판매가": "₩14,000",
    "피부타입별 구매비율": "N/A",
    "연령대별 구매비율": "N/A",
    "상품상세 이미지": "https://images-kr.amoremall.com/products/111530000004/111530000004_01.png?1672028674609, https://images-kr.amoremall.com/products/111530000004/111530000004_02.png?1672028674609, https://images-kr.amoremall.com/products/111530000004/111530000004_03.png?1672028674609, https://images-kr.amoremall.com/products/111530000004/111530000004_04.png?1672028674609",
    "상품 URL": "https://www.amoremall.com/kr/ko/product/detail?onlineProdSn=56093&onlineProdCode=111530000004",
    "크롤링 시간": "2025-12-03 14:34:29"
  },
  {
    "브랜드": "앞바다즈",
    "상품명": "APBADAs 인형 6종",
    "별점": 4.86,
    "리뷰 개수": 131,
    "원가": "₩21,000",
    "할인율": "20%",
    "판매가": "₩16,800",
    "피부타입별 구매비율": "N/A",
    "연령대별 구매비율": "N/A",
    "상품상세 이미지": "https://images-kr.amoremall.com/products/111530000001/111530000001_01.png?1721263712299, https://images-kr.amoremall.com/products/111530000001/111530000001_02.png?1721263712299, https://images-kr.amoremall.com/products/111530000001/111530000001_03.png?1721263712299, https://images-kr.amoremall.com/products/111530000001/111530000001_04.png?1721263712299, https://images-kr.amoremall.com/products/111530000001/111530000001_05.png?1721263712299",
    "상품 URL": "https://www.amoremall.com/kr/ko/product/detail?onlineProdSn=53859&onlineProdCode=111530000001",
    "크롤링 시간": "2025-12-03 14:34:34"
  },
  {
    "브랜드": "앞바다즈",
    "상품명": "APBADAs 돌풍이 마우스패드 1EA",
    "별점": 4.8,
    "리뷰 개수": 422,
    "원가": "₩3,500",
    "할인율": "0%",
    "판매가": "₩3,500",
    "피부타입별 구매비율": "N/A",
    "연령대별 구매비율": "N/A",
    "상품상세 이미지": "https://images-kr.amoremall.com/products/999990000149/999990000149_01.png?1721264727312, https://images-kr.amoremall.com/products/999990000149/999990000149_02.png?1721264727312",
    "상품 URL": "https://www.amoremall.com/kr/ko/product/detail?onlineProdSn=52812&onlineProdCode=999990000149",
    "크롤링 시간": "2025-12-03 14:34:41"
  },
  {
    "브랜드": "앞바다즈",
    "상품명": "APBADAs X KBP 스트링 파우치",
    "별점": 4.79,
    "리뷰 개수": 311,
    "원가": "₩8,000",
    "할인율": "0%",
    "판매가": "₩8,000",
    "피부타입별 구매비율": "N/A",
    "연령대별 구매비율": "N/A",
    "상품상세 이미지": "https://images-kr.amoremall.com/products/999990000155/999990000155_01.png?1721264083857, https://images-kr.amoremall.com/products/999990000155/999990000155_02.png?1721264083857",
    "상품 URL": "https://www.amoremall.com/kr/ko/product/detail?onlineProdSn=52830&onlineProdCode=999990000155",
    "크롤링 시간": "2025-12-03 14:34:47"
  },
  {
    "브랜드": "앞바다즈",
    "상품명": "APBADAs X KBP 랩탑 파우치 1EA",
    "별점": 4.74,
    "리뷰 개수": 93,
    "원가": "₩49,000",
    "할인율": "0%",
    "판매가": "₩49,000",
    "피부타입별 구매비율": "N/A",
    "연령대별 구매비율": "N/A",
    "상품상세 이미지": "https://images-kr.amoremall.com/products/999990000154/999990000154_01.png?1721263994639, https://images-kr.amoremall.com/products/999990000154/999990000154_02.png?1721263994639",
    "상품 URL": "https://www.amoremall.com/kr/ko/product/detail?onlineProdSn=52829&onlineProdCode=999990000154",
    "크롤링 시간": "2025-12-03 14:34:52"
  },
  {
    "브랜드": "앞바다즈",
    "상품명": "APBADAs 돌풍이 캐릭터인형 L",
    "별점": 4.9,
    "리뷰 개수": 104,
    "원가": "₩25,000",
    "할인율": "30%",
    "판매가": "₩17,500",
    "피부타입별 구매비율": "N/A",
    "연령대별 구매비율": "N/A",
    "상품상세 이미지": "https://images-kr.amoremall.com/products/999990000153/999990000153_01.png?1701667986581, https://images-kr.amoremall.com/products/999990000153/999990000153_02.png?1701667986581, https://images-kr.amoremall.com/products/999990000153/999990000153_03.png?1701667986581, https://images-kr.amoremall.com/products/999990000153/999990000153_04.png?1701667986581, https://images-kr.amoremall.com/products/999990000153/999990000153_05.png?1701667986581, https://images-kr.amoremall.com/products/999990000153/999990000153_06.png?1701667986581",
    "상품 URL": "https://www.amoremall.com/kr/ko/product/detail?onlineProdSn=52820&onlineProdCode=999990000153",
    "크롤링 시간": "2025-12-03 14:34:58"
  },
  {
    "브랜드": "앞바다즈",
    "상품명": "APBADAs스티커 1EA",
    "별점": 4.76,
    "리뷰 개수": 86,
    "원가": "₩2,500",
    "할인율": "0%",
    "판매가": "₩2,500",
    "피부타입별 구매비율": "N/A",
    "연령대별 구매비율": "N/A",
    "상품상세 이미지": "https://images-kr.amoremall.com/products/999990000150/999990000150_01.png?1655102490144, https://images-kr.amoremall.com/products/999990000150/999990000150_02.png?1655102490144, https://images-kr.amoremall.com/products/999990000150/999990000150_03.jpg?1654762287752, https://images-kr.amoremall.com/products/999990000150/999990000150_04.jpg?1654761483790, https://images-kr.amoremall.com/products/999990000150/999990000150_05.jpg?1654762287752, https://images-kr.amoremall.com/products/999990000150/999990000150_06.jpg?1655102490144, https://images-kr.amoremall.com/products/999990000150/999990000150_07.jpg?1655102490144, https://images-kr.amoremall.com/products/999990000150/999990000150_08.jpg?1655102490144, https://images-kr.amoremall.com/products/999990000150/999990000150_09.jpg?1655102490144",
    "상품 URL": "https://www.amoremall.com/kr/ko/product/detail?onlineProdSn=52815&onlineProdCode=999990000150",
    "크롤링 시간": "2025-12-03 14:35:05"
  },
  {
    "브랜드": "앞바다즈",
    "상품명": "APBADAs 인형 키링 아모레까뮈 1EA",
    "별점": 4.78,
    "리뷰 개수": 9,
    "원가": "₩15,000",
    "할인율": "0%",
    "판매가": "₩15,000",
    "피부타입별 구매비율": "N/A",
    "연령대별 구매비율": "N/A",
    "상품상세 이미지": "https://images-kr.amoremall.com/products/111530000011/111530000011_01.png?1701667003826, https://images-kr.amoremall.com/products/111530000011/111530000011_02.png?1701667003826, https://images-kr.amoremall.com/products/111530000011/111530000011_03.png?1702881261583, https://images-kr.amoremall.com/products/111530000011/111530000011_04.png?1702881261583, https://images-kr.amoremall.com/products/111530000011/111530000011_05.png?1702881261583, https://images-kr.amoremall.com/products/111530000011/111530000011_06.png?1702881261583, https://images-kr.amoremall.com/products/111530000011/111530000011_07.png?1702881261583",
    "상품 URL": "https://www.amoremall.com/kr/ko/product/detail?onlineProdSn=60326&onlineProdCode=111530000011",
    "크롤링 시간": "2025-12-03 14:35:13"
  },
  {
    "브랜드": "앞바다즈",
    "상품명": "돌풍이/돌풍E 캐릭터 인형",
    "별점": 5.0,
    "리뷰 개수": 2,
    "원가": "₩27,000",
    "할인율": "0%",
    "판매가": "₩27,000",
    "피부타입별 구매비율": "N/A",
    "연령대별 구매비율": "N/A",
    "상품상세 이미지": "https://images-kr.amoremall.com/products/111530000007/111530000007_01.png?1676268743734, https://images-kr.amoremall.com/products/111530000007/111530000007_02.png?1676268743734, https://images-kr.amoremall.com/products/111530000007/111530000007_03.png?1676268743734",
    "상품 URL": "https://www.amoremall.com/kr/ko/product/detail?onlineProdSn=56728&onlineProdCode=111530000007",
    "크롤링 시간": "2025-12-03 14:35:19"
  },
  {
    "브랜드": "앞바다즈",
    "상품명": "캐릭터 지비츠",
    "별점": 4.93,
    "리뷰 개수": 45,
    "원가": "₩15,000",
    "할인율": "0%",
    "판매가": "₩15,000",
    "피부타입별 구매비율": "N/A",
    "연령대별 구매비율": "N/A",
    "상품상세 이미지": "https://images-kr.amoremall.com/products/111530000005/111530000005_01.jpg?1672029090267, https://images-kr.amoremall.com/products/111530000005/111530000005_02.png?1672029090267, https://images-kr.amoremall.com/products/111530000005/111530000005_03.png?1672029090267, https://images-kr.amoremall.com/products/111530000005/111530000005_04.png?1672029090267",
    "상품 URL": "https://www.amoremall.com/kr/ko/product/detail?onlineProdSn=56094&onlineProdCode=111530000005",
    "크롤링 시간": "2025-12-03 14:35:34"
  },
  {
    "브랜드": "앞바다즈",
    "상품명": "무릎담요",
    "별점": 4.78,
    "리뷰 개수": 91,
    "원가": "₩29,000",
    "할인율": "0%",
    "판매가": "₩29,000",
    "피부타입별 구매비율": "N/A",
    "연령대별 구매비율": "N/A",
    "상품상세 이미지": "https://images-kr.amoremall.com/products/111530000006/111530000006_01.png?1721264808698, https://images-kr.amoremall.com/products/111530000006/111530000006_02.png?1721264808698",
    "상품 URL": "https://www.amoremall.com/kr/ko/product/detail?onlineProdSn=56095&onlineProdCode=111530000006",
    "크롤링 시간": "2025-12-03 14:35:40"
  },
  {
    "브랜드": "앞바다즈",
    "상품명": "APBADAs 인형 키링 아모레까뮈 1EA",
    "별점": 4.78,
    "리뷰 개수": 9,
    "원가": "₩15,000",
    "할인율": "0%",
    "판매가": "₩15,000",
    "피부타입별 구매비율": "N/A",
    "연령대별 구매비율": "N/A",
    "상품상세 이미지": "https://images-kr.amoremall.com/products/111530000011/111530000011_01.png?1701667003826, https://images-kr.amoremall.com/products/111530000011/111530000011_02.png?1701667003826, https://images-kr.amoremall.com/products/111530000011/111530000011_03.png?1702881261583, https://images-kr.amoremall.com/products/111530000011/111530000011_04.png?1702881261583, https://images-kr.amoremall.com/products/111530000011/111530000011_05.png?1702881261583, https://images-kr.amoremall.com/products/111530000011/111530000011_06.png?1702881261583, https://images-kr.amoremall.com/products/111530000011/111530000011_07.png?1702881261583",
    "상품 URL": "https://www.amoremall.com/kr/ko/product/detail?onlineProdSn=60326&onlineProdCode=111530000011",
    "크롤링 시간": "2025-12-03 14:35:47"
  },
  {
    "브랜드": "앞바다즈",
    "상품명": "돌풍이/돌풍E 캐릭터 인형",
    "별점": 5.0,
    "리뷰 개수": 2,
    "원가": "₩27,000",
    "할인율": "0%",
    "판매가": "₩27,000",
    "피부타입별 구매비율": "N/A",
    "연령대별 구매비율": "N/A",
    "상품상세 이미지": "https://images-kr.amoremall.com/products/111530000007/111530000007_01.png?1676268743734, https://images-kr.amoremall.com/products/111530000007/111530000007_02.png?1676268743734, https://images-kr.amoremall.com/products/111530000007/111530000007_03.png?1676268743734",
    "상품 URL": "https://www.amoremall.com/kr/ko/product/detail?onlineProdSn=56728&onlineProdCode=111530000007",
    "크롤링 시간": "2025-12-03 14:35:53"
  },
  {
    "브랜드": "앞바다즈",
    "상품명": "스노우 메이커",
    "별점": 4.89,
    "리뷰 개수": 9,
    "원가": "₩19,000",
    "할인율": "0%",
    "판매가": "₩19,000",
    "피부타입별 구매비율": "N/A",
    "연령대별 구매비율": "N/A",
    "상품상세 이미지": "https://images-kr.amoremall.com/products/111530000002/111530000002_01.png?1671000807964, https://images-kr.amoremall.com/products/111530000002/111530000002_02.jpg?1671000807964, https://images-kr.amoremall.com/products/111530000002/111530000002_03.jpg?1671000807964",
    "상품 URL": "https://www.amoremall.com/kr/ko/product/detail?onlineProdSn=55920&onlineProdCode=111530000002",
    "크롤링 시간": "2025-12-03 14:35:58"
  },
  {
    "브랜드": "앞바다즈",
    "상품명": "APBADAs 돌풍E 캐릭터인형 L",
    "별점": 5.0,
    "리뷰 개수": 15,
    "원가": "₩25,000",
    "할인율": "0%",
    "판매가": "₩25,000",
    "피부타입별 구매비율": "N/A",
    "연령대별 구매비율": "N/A",
    "상품상세 이미지": "https://images-kr.amoremall.com/products/111530000015/111530000015_01.png?1721264467790, https://images-kr.amoremall.com/products/111530000015/111530000015_02.png?1721264467790, https://images-kr.amoremall.com/products/111530000015/111530000015_03.png?1721264467790",
    "상품 URL": "https://www.amoremall.com/kr/ko/product/detail?onlineProdSn=60330&onlineProdCode=111530000015",
    "크롤링 시간": "2025-12-03 14:36:05"
  },
  {
    "브랜드": "앞바다즈",
    "상품명": "APBADAs스마트톡 1EA",
    "별점": 4.81,
    "리뷰 개수": 52,
    "원가": "₩13,000",
    "할인율": "0%",
    "판매가": "₩13,000",
    "피부타입별 구매비율": "N/A",
    "연령대별 구매비율": "N/A",
    "상품상세 이미지": "https://images-kr.amoremall.com/products/999990000147/999990000147_01.png?1655102351443, https://images-kr.amoremall.com/products/999990000147/999990000147_02.jpg?1654763958910, https://images-kr.amoremall.com/products/999990000147/999990000147_03.jpg?1654763958910, https://images-kr.amoremall.com/products/999990000147/999990000147_04.jpg?1654763958910, https://images-kr.amoremall.com/products/999990000147/999990000147_05.jpg?1654763958910",
    "상품 URL": "https://www.amoremall.com/kr/ko/product/detail?onlineProdSn=52809&onlineProdCode=999990000147",
    "크롤링 시간": "2025-12-03 14:36:11"
  },
  {
    "브랜드": "앞바다즈",
    "상품명": "APBADAs캐릭터실리콘참(8종SET) 8EA",
    "별점": 4.62,
    "리뷰 개수": 39,
    "원가": "₩21,000",
    "할인율": "0%",
    "판매가": "₩21,000",
    "피부타입별 구매비율": "N/A",
    "연령대별 구매비율": "N/A",
    "상품상세 이미지": "https://images-kr.amoremall.com/products/999990000151/999990000151_01.png?1655102779291, https://images-kr.amoremall.com/products/999990000151/999990000151_02.jpg?1654766166813, https://images-kr.amoremall.com/products/999990000151/999990000151_03.jpg?1654766166813, https://images-kr.amoremall.com/products/999990000151/999990000151_04.jpg?1654766166813, https://images-kr.amoremall.com/products/999990000151/999990000151_05.jpg?1654766166813, https://images-kr.amoremall.com/products/999990000151/999990000151_06.jpg?1654766166813, https://images-kr.amoremall.com/products/999990000151/999990000151_07.jpg?1654766166813",
    "상품 URL": "https://www.amoremall.com/kr/ko/product/detail?onlineProdSn=52816&onlineProdCode=999990000151",
    "크롤링 시간": "2025-12-03 14:36:17"
  },
  {
    "브랜드": "앞바다즈",
    "상품명": "[2입] 무릎담요",
    "별점": 5.0,
    "리뷰 개수": 1,
    "원가": "₩58,000",
    "할인율": "30%",
    "판매가": "₩40,600",
    "피부타입별 구매비율": "N/A",
    "연령대별 구매비율": "N/A",
    "상품상세 이미지": "https://images-kr.amoremall.com/products/111530000028/111530000028_01.jpg?1740449946447, https://images-kr.amoremall.com/products/111530000028/111530000028_02.png?1740449946447",
    "상품 URL": "https://www.amoremall.com/kr/ko/product/detail?onlineProdSn=64172&onlineProdCode=111530000028",
    "크롤링 시간": "2025-12-03 14:36:24"
  }
]