﻿브랜드,상품명,별점,리뷰 개수,원가,할인율,판매가,피부타입별 구매비율,연령대별 구매비율,상품상세 이미지,상품 URL,크롤링 시간
아모레성수,아모레 성수 토너 210ml,4.74,1019,"₩18,000",0%,"₩18,000",N/A,N/A,"https://images-kr.amoremall.com/products/999990000093/999990000093_01.jpg?1731368869722, https://images-kr.amoremall.com/products/999990000093/999990000093_02.jpg?1731368869722, https://images-kr.amoremall.com/products/999990000093/999990000093_03.png?1731368957370, https://images-kr.amoremall.com/products/999990000093/999990000093_04.png?1731368957370",https://www.amoremall.com/kr/ko/product/detail?onlineProdSn=31511&onlineProdCode=999990000093,2025-12-03 14:03:58
아모레성수,01 아이브로우 브러쉬,4.79,29,"₩15,000",0%,"₩15,000",N/A,N/A,https://images-kr.amoremall.com/products/112770000002/112770000002_01.jpg?1713762874604,https://www.amoremall.com/kr/ko/product/detail?onlineProdSn=61110&onlineProdCode=112770000002,2025-12-03 14:04:05
아모레성수,03 언더섀도우 브러쉬,4.64,22,"₩13,000",0%,"₩13,000",N/A,N/A,https://images-kr.amoremall.com/products/112770000004/112770000004_01.jpg?1713762906338,https://www.amoremall.com/kr/ko/product/detail?onlineProdSn=61112&onlineProdCode=112770000004,2025-12-03 14:04:16
아모레성수,07 아이섀도우 브러쉬 (베이스),4.85,20,"₩15,000",0%,"₩15,000",N/A,N/A,https://images-kr.amoremall.com/products/112770000008/112770000008_01.jpg?1713763003683,https://www.amoremall.com/kr/ko/product/detail?onlineProdSn=61116&onlineProdCode=112770000008,2025-12-03 14:04:22
아모레성수,12 블러셔 브러쉬,4.69,26,"₩20,000",0%,"₩20,000",N/A,N/A,https://images-kr.amoremall.com/products/112770000013/112770000013_01.jpg?1713763120701,https://www.amoremall.com/kr/ko/product/detail?onlineProdSn=61121&onlineProdCode=112770000013,2025-12-03 14:04:31
아모레성수,13 파우더 브러쉬,4.96,24,"₩23,000",0%,"₩23,000",N/A,N/A,https://images-kr.amoremall.com/products/112770000014/112770000014_01.jpg?1713763161609,https://www.amoremall.com/kr/ko/product/detail?onlineProdSn=61122&onlineProdCode=112770000014,2025-12-03 14:04:40
아모레성수,04 아이섀도우 브러쉬 (스몰),4.81,16,"₩13,000",0%,"₩13,000",N/A,N/A,https://images-kr.amoremall.com/products/112770000005/112770000005_01.jpg?1713762921631,https://www.amoremall.com/kr/ko/product/detail?onlineProdSn=61113&onlineProdCode=112770000005,2025-12-03 14:04:46
아모레성수,10 파운데이션 브러쉬,4.51,37,"₩26,000",0%,"₩26,000",N/A,N/A,https://images-kr.amoremall.com/products/112770000011/112770000011_01.jpg?1713763060191,https://www.amoremall.com/kr/ko/product/detail?onlineProdSn=61119&onlineProdCode=112770000011,2025-12-03 14:04:55
아모레성수,11 하이라이트 브러쉬,4.48,21,"₩18,000",0%,"₩18,000",N/A,N/A,https://images-kr.amoremall.com/products/112770000012/112770000012_01.jpg?1713763104952,https://www.amoremall.com/kr/ko/product/detail?onlineProdSn=61120&onlineProdCode=112770000012,2025-12-03 14:05:02
아모레성수,11 하이라이트 브러쉬,4.48,21,"₩18,000",0%,"₩18,000",N/A,N/A,https://images-kr.amoremall.com/products/112770000012/112770000012_01.jpg?1713763104952,https://www.amoremall.com/kr/ko/product/detail?onlineProdSn=61120&onlineProdCode=112770000012,2025-12-03 14:05:23
아모레성수,09 컨실러 브러쉬,4.7,20,"₩13,000",0%,"₩13,000",N/A,N/A,https://images-kr.amoremall.com/products/112770000010/112770000010_01.jpg?1713763044263,https://www.amoremall.com/kr/ko/product/detail?onlineProdSn=61118&onlineProdCode=112770000010,2025-12-03 14:05:33
아모레성수,05 아이섀도우 브러쉬 (미디움),4.83,18,"₩14,000",0%,"₩14,000",N/A,N/A,https://images-kr.amoremall.com/products/112770000006/112770000006_01.jpg?1713762949217,https://www.amoremall.com/kr/ko/product/detail?onlineProdSn=61114&onlineProdCode=112770000006,2025-12-03 14:05:41
아모레성수,14 컨투어링 브러쉬,4.95,20,"₩20,000",0%,"₩20,000",N/A,N/A,https://images-kr.amoremall.com/products/112770000015/112770000015_01.jpg?1713763178116,https://www.amoremall.com/kr/ko/product/detail?onlineProdSn=61123&onlineProdCode=112770000015,2025-12-03 14:05:49
아모레성수,15 립 브러쉬,4.79,29,"₩13,000",0%,"₩13,000",N/A,N/A,https://images-kr.amoremall.com/products/112770000016/112770000016_01.jpg?1713763195052,https://www.amoremall.com/kr/ko/product/detail?onlineProdSn=61124&onlineProdCode=112770000016,2025-12-03 14:05:55
아모레성수,02 아이섀도우 홀 브러쉬,4.6,5,"₩13,000",0%,"₩13,000",N/A,N/A,https://images-kr.amoremall.com/products/112770000003/112770000003_01.jpg?1713762854891,https://www.amoremall.com/kr/ko/product/detail?onlineProdSn=61111&onlineProdCode=112770000003,2025-12-03 14:06:05
아모레성수,06 아이섀도우 브러쉬 (앵글),4.6,10,"₩16,000",0%,"₩16,000",N/A,N/A,https://images-kr.amoremall.com/products/112770000007/112770000007_01.jpg?1713762969970,https://www.amoremall.com/kr/ko/product/detail?onlineProdSn=61115&onlineProdCode=112770000007,2025-12-03 14:06:22
