﻿브랜드,상품명,별점,리뷰 개수,원가,할인율,판매가,피부타입별 구매비율,연령대별 구매비율,상품상세 이미지,상품 URL,크롤링 시간
울트라잇츠,울트라 펌킨칩 (60g),4.64,78,"₩4,900",20%,"₩3,900",N/A,N/A,"https://images-kr.amoremall.com/products/005171000002/005171000002_01.jpg?1683872987347, https://images-kr.amoremall.com/products/005171000002/005171000002_02.jpg?1683872987347, https://images-kr.amoremall.com/products/005171000002/005171000002_03.jpg?1683872987347, https://images-kr.amoremall.com/products/005171000002/005171000002_04.png?1683872987347, https://images-kr.amoremall.com/products/005171000002/005171000002_05.png?1683872987347, https://images-kr.amoremall.com/products/005171000002/005171000002_06.png?1683872987347",https://www.amoremall.com/kr/ko/product/detail?onlineProdSn=58118&onlineProdCode=005171000002,2025-12-03 15:07:25
울트라잇츠,울트라 펌킨티 기프트세트,4.72,40,"₩28,900",31%,"₩19,900",N/A,N/A,"https://images-kr.amoremall.com/products/005171100010/005171100010_01.jpg?1683885394180, https://images-kr.amoremall.com/products/005171100010/005171100010_02.jpg?1683885394180, https://images-kr.amoremall.com/products/005171100010/005171100010_03.jpg?1683885394180",https://www.amoremall.com/kr/ko/product/detail?onlineProdSn=58129&onlineProdCode=005171100010,2025-12-03 15:07:31
울트라잇츠,울트라 펌킨티 (2g x 20개입),4.89,73,"₩14,900",6%,"₩13,900",N/A,N/A,"https://images-kr.amoremall.com/products/005171000001/005171000001_01.jpg?1710234252871, https://images-kr.amoremall.com/products/005171000001/005171000001_02.jpg?1710234252871, https://images-kr.amoremall.com/products/005171000001/005171000001_03.jpg?1710234252871, https://images-kr.amoremall.com/products/005171000001/005171000001_04.jpg?1710234252871, https://images-kr.amoremall.com/products/005171000001/005171000001_05.jpg?1710234252871",https://www.amoremall.com/kr/ko/product/detail?onlineProdSn=58117&onlineProdCode=005171000001,2025-12-03 15:07:37
울트라잇츠,울트라 호박팥차 (2g x 20개입),4.82,55,"₩14,900",6%,"₩13,900",N/A,N/A,"https://images-kr.amoremall.com/products/005171000008/005171000008_01.jpg?1710234195364, https://images-kr.amoremall.com/products/005171000008/005171000008_02.jpg?1710234195364, https://images-kr.amoremall.com/products/005171000008/005171000008_03.jpg?1710234195364, https://images-kr.amoremall.com/products/005171000008/005171000008_04.jpg?1710234195364, https://images-kr.amoremall.com/products/005171000008/005171000008_05.jpg?1710234195364",https://www.amoremall.com/kr/ko/product/detail?onlineProdSn=58127&onlineProdCode=005171000008,2025-12-03 15:07:49
울트라잇츠,울트라 호박유자차 (2g x 20개입),4.6,40,"₩14,900",6%,"₩13,900",N/A,N/A,"https://images-kr.amoremall.com/products/005171000009/005171000009_01.jpg?1710234128209, https://images-kr.amoremall.com/products/005171000009/005171000009_02.jpg?1710234128209, https://images-kr.amoremall.com/products/005171000009/005171000009_03.jpg?1710234128209, https://images-kr.amoremall.com/products/005171000009/005171000009_04.jpg?1710234128209, https://images-kr.amoremall.com/products/005171000009/005171000009_05.jpg?1710234128209",https://www.amoremall.com/kr/ko/product/detail?onlineProdSn=58128&onlineProdCode=005171000009,2025-12-03 15:07:56
울트라잇츠,울트라 펌킨티 보틀 1L 트라이탄 텀블러,4.7,10,"₩13,900",0%,"₩13,900",N/A,N/A,"https://images-kr.amoremall.com/products/005171000011/005171000011_01.jpg?1692267147231, https://images-kr.amoremall.com/products/005171000011/005171000011_02.jpg?1692267147231, https://images-kr.amoremall.com/products/005171000011/005171000011_03.jpg?1692267147231, https://images-kr.amoremall.com/products/005171000011/005171000011_04.jpg?1692267147231, https://images-kr.amoremall.com/products/005171000011/005171000011_05.jpg?1692267147231",https://www.amoremall.com/kr/ko/product/detail?onlineProdSn=59325&onlineProdCode=005171000011,2025-12-03 15:08:02
