﻿브랜드,상품명,별점,리뷰 개수,원가,할인율,판매가,피부타입별 구매비율,연령대별 구매비율,상품상세 이미지,상품 URL,크롤링 시간
에뛰드,진저슈가 립케어 2종 기획세트,4.83,18,"₩19,000",35%,"₩12,350",N/A,N/A,"https://images-kr.amoremall.com/products/1763617488819/110090100564/110090100564_00.png?1763617490019, https://images-kr.amoremall.com/products/110090100564/110090100564_01.jpg?1763017158945, https://images-kr.amoremall.com/products/110090100564/110090100564_02.jpg?1763017158945, https://images-kr.amoremall.com/products/110090100564/110090100564_03.jpg?1763017158945, https://images-kr.amoremall.com/products/110090100564/110090100564_04.jpg?1763017158945, https://images-kr.amoremall.com/products/110090100564/110090100564_05.png?1763018408230",https://www.amoremall.com/kr/ko/product/detail?onlineProdSn=67468&onlineProdCode=110090100564,2025-12-03 14:38:31
에뛰드,순정 디렉터 수분 선크림 기획세트 SPF50+/PA++++ (50ml+50ml),4.81,740,"₩25,000",40%,"₩15,000",N/A,N/A,"https://images-kr.amoremall.com/products/110090000256/110090000256_01.jpg?1754274796530, https://images-kr.amoremall.com/products/110090000256/110090000256_02.png?1736817527437, https://images-kr.amoremall.com/products/110090000256/110090000256_03.png?1736817527437, https://images-kr.amoremall.com/products/110090000256/110090000256_04.jpg?1754274796530, https://images-kr.amoremall.com/products/110090000256/110090000256_05.jpg?1754274796530",https://www.amoremall.com/kr/ko/product/detail?onlineProdSn=58930&onlineProdCode=110090000256,2025-12-03 14:38:39
에뛰드,진저슈가 립세럼 13g,4.91,32,"₩14,000",12%,"₩12,320",N/A,N/A,"https://images-kr.amoremall.com/products/1763369664345/110090000561/110090000561_00.png?1763369665553, https://images-kr.amoremall.com/products/110090000561/110090000561_01.jpg?1762923103591, https://images-kr.amoremall.com/products/110090000561/110090000561_02.jpg?1762923103591, https://images-kr.amoremall.com/products/110090000561/110090000561_03.jpg?1762923103591, https://images-kr.amoremall.com/products/110090000561/110090000561_04.jpg?1762923103591, https://images-kr.amoremall.com/products/110090000561/110090000561_05.png?1762927107810",https://www.amoremall.com/kr/ko/product/detail?onlineProdSn=67435&onlineProdCode=110090000561,2025-12-03 14:38:45
에뛰드,수분가득 콜라겐 시트 마스크 25ml,4.76,471,"₩2,500",0%,"₩2,500",N/A,N/A,"https://images-kr.amoremall.com/products/110090000307/110090000307_01.jpg?1752131167797, https://images-kr.amoremall.com/products/110090000307/110090000307_02.jpg?1752131167797, https://images-kr.amoremall.com/products/110090000307/110090000307_03.png?1752131167797",https://www.amoremall.com/kr/ko/product/detail?onlineProdSn=59901&onlineProdCode=110090000307,2025-12-03 14:38:53
에뛰드,왓츠 인 마이 아이즈 카페 더블,4.75,438,"₩8,000",20%,"₩6,400",N/A,N/A,"https://images-kr.amoremall.com/products/110090000541/110090000541_01.jpg?1756261722651, https://images-kr.amoremall.com/products/110090000541/110090000541_02.jpg?1756261722651, https://images-kr.amoremall.com/products/110090000541/110090000541_03.jpg?1756261722651, https://images-kr.amoremall.com/products/110090000541/110090000541_04.jpg?1756261722651, https://images-kr.amoremall.com/products/110090000541/110090000541_05.png?1756261722651",https://www.amoremall.com/kr/ko/product/detail?onlineProdSn=66617&onlineProdCode=110090000541,2025-12-03 14:38:59
에뛰드,순정 디렉터 선크림 (톤업 수정/수분/무기자차),4.73,109,"₩25,000",40%,"₩15,000",N/A,N/A,"https://images-kr.amoremall.com/products/110090000524/110090000524_01.png?1754281220319, https://images-kr.amoremall.com/products/110090000524/110090000524_02.png?1741831970425, https://images-kr.amoremall.com/products/110090000524/110090000524_03.jpg?1741911082722, https://images-kr.amoremall.com/products/110090000524/110090000524_04.png?1741831970425, https://images-kr.amoremall.com/products/110090000524/110090000524_05.jpg?1754275210731, https://images-kr.amoremall.com/products/110090000524/110090000524_06.jpg?1754275210731, https://images-kr.amoremall.com/products/110090000524/110090000524_07.jpg?1754275210731",https://www.amoremall.com/kr/ko/product/detail?onlineProdSn=65684&onlineProdCode=110090000524,2025-12-03 14:39:12
에뛰드,님프 광채볼류머 투명한 물광 24g,4.61,735,"₩20,000",25%,"₩15,000",N/A,N/A,"https://images-kr.amoremall.com/products/110090000416/110090000416_01.png?1717121632032, https://images-kr.amoremall.com/products/110090000416/110090000416_02.png?1717121632032, https://images-kr.amoremall.com/products/110090000416/110090000416_03.png?1717121632032, https://images-kr.amoremall.com/products/110090000416/110090000416_04.png?1717121632032",https://www.amoremall.com/kr/ko/product/detail?onlineProdSn=61744&onlineProdCode=110090000416,2025-12-03 14:39:25
에뛰드,드로잉 아이 브로우 0.25g,4.73,5302,"₩4,000",15%,"₩3,400",N/A,N/A,"https://images-kr.amoremall.com/products/110090000011/110090000011_01.jpg?1670334520351, https://images-kr.amoremall.com/products/110090000011/110090000011_02.jpg?1655967729307, https://images-kr.amoremall.com/products/110090000011/110090000011_03.jpg?1655967729307, https://images-kr.amoremall.com/products/110090000011/110090000011_04.jpg?1655967729307, https://images-kr.amoremall.com/products/110090000011/110090000011_05.jpg?1655967729307, https://images-kr.amoremall.com/products/110090000011/110090000011_06.jpg?1655967729307, https://images-kr.amoremall.com/products/110090000011/110090000011_07.jpg?1666659687831, https://images-kr.amoremall.com/products/110090000011/110090000011_08.jpg?1666659687831",https://www.amoremall.com/kr/ko/product/detail?onlineProdSn=53224&onlineProdCode=110090000011,2025-12-03 14:39:34
에뛰드,0.2 테라피 에어 마스크 20ml,4.82,1346,"₩1,500",0%,"₩1,500",N/A,N/A,"https://images-kr.amoremall.com/products/110090000316/110090000316_01.jpg?1698221586757, https://images-kr.amoremall.com/products/110090000316/110090000316_02.jpg?1698221586757, https://images-kr.amoremall.com/products/110090000316/110090000316_03.png?1698221586757",https://www.amoremall.com/kr/ko/product/detail?onlineProdSn=59994&onlineProdCode=110090000316,2025-12-03 14:39:41
에뛰드,[MBTEYE 컬렉션] 마이 베스트 톤 아이 팔레트,4.61,350,"₩30,000",20%,"₩24,000",N/A,N/A,"https://images-kr.amoremall.com/products/110090000367/110090000367_01.jpg?1756689065340, https://images-kr.amoremall.com/products/110090000367/110090000367_02.jpg?1756689065340, https://images-kr.amoremall.com/products/110090000367/110090000367_03.jpg?1756689065340, https://images-kr.amoremall.com/products/110090000367/110090000367_04.jpg?1756689065340, https://images-kr.amoremall.com/products/110090000367/110090000367_05.png?1756689065340, https://images-kr.amoremall.com/products/110090000367/110090000367_06.png?1756689065340",https://www.amoremall.com/kr/ko/product/detail?onlineProdSn=60602&onlineProdCode=110090000367,2025-12-03 14:39:47
에뛰드,프루프 10 젤 방수 펜슬 0.3 g,4.64,1713,"₩8,000",10%,"₩7,200",N/A,N/A,"https://images-kr.amoremall.com/products/110090000050/110090000050_01.jpg?1670340831733, https://images-kr.amoremall.com/products/110090000050/110090000050_02.jpg?1656314544430, https://images-kr.amoremall.com/products/110090000050/110090000050_03.jpg?1656314544430, https://images-kr.amoremall.com/products/110090000050/110090000050_04.jpg?1656314544430, https://images-kr.amoremall.com/products/110090000050/110090000050_05.jpg?1656314544430",https://www.amoremall.com/kr/ko/product/detail?onlineProdSn=53287&onlineProdCode=110090000050,2025-12-03 14:39:55
에뛰드,컬 픽스 마스카라 (뷰러증정 기획세트),4.76,971,"₩16,000",15%,"₩13,600",N/A,N/A,"https://images-kr.amoremall.com/products/110090000417/110090000417_01.jpg?1744013330090, https://images-kr.amoremall.com/products/110090000417/110090000417_02.jpg?1744013330090, https://images-kr.amoremall.com/products/110090000417/110090000417_03.jpg?1744013330090, https://images-kr.amoremall.com/products/110090000417/110090000417_04.jpg?1744013330090, https://images-kr.amoremall.com/products/110090000417/110090000417_05.jpg?1734333718735, https://images-kr.amoremall.com/products/110090000417/110090000417_06.png?1729241472778, https://images-kr.amoremall.com/products/110090000417/110090000417_07.png?1729241472778, https://images-kr.amoremall.com/products/110090000417/110090000417_08.png?1729241499373",https://www.amoremall.com/kr/ko/product/detail?onlineProdSn=61748&onlineProdCode=110090000417,2025-12-03 14:40:03
에뛰드,플레이 컬러 아이즈 #더스티 캣 0.8g X 9,4.74,223,"₩25,000",40%,"₩15,000",N/A,N/A,"https://images-kr.amoremall.com/products/110090000121/110090000121_01.jpg?1671083874866, https://images-kr.amoremall.com/products/110090000121/110090000121_02.jpg?1671083874866, https://images-kr.amoremall.com/products/110090000121/110090000121_03.png?1671082060289",https://www.amoremall.com/kr/ko/product/detail?onlineProdSn=55930&onlineProdCode=110090000121,2025-12-03 14:40:17
에뛰드,청순거짓 브라우카라 대용량 기획세트 (9g+4.5g),4.74,347,"₩9,000",15%,"₩7,650",N/A,N/A,"https://images-kr.amoremall.com/products/110090000338/110090000338_01.jpg?1700093966718, https://images-kr.amoremall.com/products/110090000338/110090000338_02.jpg?1700093966718, https://images-kr.amoremall.com/products/110090000338/110090000338_03.jpg?1700093966718, https://images-kr.amoremall.com/products/110090000338/110090000338_04.jpg?1700093966718",https://www.amoremall.com/kr/ko/product/detail?onlineProdSn=60224&onlineProdCode=110090000338,2025-12-03 14:40:24
에뛰드,올데이 맑은 BB 크림 SPF36/PA+++ 35ml,4.67,114,"₩22,000",25%,"₩16,500",N/A,N/A,"https://images-kr.amoremall.com/products/1758694196752/110090000540/110090000540_00.png?1758694198125, https://images-kr.amoremall.com/products/110090000540/110090000540_01.jpg?1756183994888, https://images-kr.amoremall.com/products/110090000540/110090000540_02.jpg?1756183994888, https://images-kr.amoremall.com/products/110090000540/110090000540_03.png?1756183994888, https://images-kr.amoremall.com/products/110090000540/110090000540_04.png?1756183994888, https://images-kr.amoremall.com/products/110090000540/110090000540_05.png?1756183994888",https://www.amoremall.com/kr/ko/product/detail?onlineProdSn=66615&onlineProdCode=110090000540,2025-12-03 14:40:35
에뛰드,팡팡 헤어 섀도우 3.5g,4.72,979,"₩16,000",20%,"₩12,800",N/A,N/A,"https://images-kr.amoremall.com/products/110090000167/110090000167_01.jpg?1673489130891, https://images-kr.amoremall.com/products/110090000167/110090000167_02.jpg?1673489130891, https://images-kr.amoremall.com/products/110090000167/110090000167_03.jpg?1673489130891, https://images-kr.amoremall.com/products/110090000167/110090000167_04.jpg?1673489130891, https://images-kr.amoremall.com/products/110090000167/110090000167_05.jpg?1673489130891, https://images-kr.amoremall.com/products/110090000167/110090000167_06.jpg?1673489130891, https://images-kr.amoremall.com/products/110090000167/110090000167_07.jpg?1673489130891",https://www.amoremall.com/kr/ko/product/detail?onlineProdSn=56329&onlineProdCode=110090000167,2025-12-03 14:40:44
에뛰드,닥터 마스카라 픽서 포 래쉬  (퍼펙트/슈퍼롱) 6g,4.68,804,"₩8,000",20%,"₩6,400",N/A,N/A,"https://images-kr.amoremall.com/products/110090000254/110090000254_01.jpg?1688539977710, https://images-kr.amoremall.com/products/110090000254/110090000254_02.png?1688539977710, https://images-kr.amoremall.com/products/110090000254/110090000254_03.png?1688539977710, https://images-kr.amoremall.com/products/110090000254/110090000254_04.jpg?1688539977710, https://images-kr.amoremall.com/products/110090000254/110090000254_05.jpg?1688539977710, https://images-kr.amoremall.com/products/110090000254/110090000254_06.png?1688539977710",https://www.amoremall.com/kr/ko/product/detail?onlineProdSn=58927&onlineProdCode=110090000254,2025-12-03 14:40:52
에뛰드,블링블링 아이스틱 1.4g,4.61,1165,"₩6,500",10%,"₩5,850",N/A,N/A,"https://images-kr.amoremall.com/products/110090000022/110090000022_01.jpg?1670328789724, https://images-kr.amoremall.com/products/110090000022/110090000022_02.jpg?1656057506655, https://images-kr.amoremall.com/products/110090000022/110090000022_03.jpg?1656057506655, https://images-kr.amoremall.com/products/110090000022/110090000022_04.jpg?1656057506655, https://images-kr.amoremall.com/products/110090000022/110090000022_05.jpg?1656057506655, https://images-kr.amoremall.com/products/110090000022/110090000022_06.jpg?1656057506655, https://images-kr.amoremall.com/products/110090000022/110090000022_07.jpg?1656057506655",https://www.amoremall.com/kr/ko/product/detail?onlineProdSn=53248&onlineProdCode=110090000022,2025-12-03 14:41:00
에뛰드,[더블] 뽀오얀 미소 발효 립&아이 리무버 250ml,4.79,556,"₩30,000",30%,"₩21,000",N/A,N/A,https://images-kr.amoremall.com/products/110090000293/110090000293_01.png?1694158820700,https://www.amoremall.com/kr/ko/product/detail?onlineProdSn=59621&onlineProdCode=110090000293,2025-12-03 14:41:21
에뛰드,[NEWCOLOR] 포근 픽싱틴트 4g,4.56,632,"₩16,000",20%,"₩12,800",N/A,N/A,"https://images-kr.amoremall.com/products/110090000528/110090000528_01.jpg?1756858823599, https://images-kr.amoremall.com/products/110090000528/110090000528_02.jpg?1756858823599, https://images-kr.amoremall.com/products/110090000528/110090000528_03.png?1756858823599, https://images-kr.amoremall.com/products/110090000528/110090000528_04.png?1756858823599, https://images-kr.amoremall.com/products/110090000528/110090000528_05.png?1756858823599, https://images-kr.amoremall.com/products/110090000528/110090000528_06.png?1756858823599, https://images-kr.amoremall.com/products/110090000528/110090000528_07.png?1756858823599, https://images-kr.amoremall.com/products/110090000528/110090000528_08.jpg?1756858823599, https://images-kr.amoremall.com/products/110090000528/110090000528_09.jpg?1756858823599",https://www.amoremall.com/kr/ko/product/detail?onlineProdSn=66096&onlineProdCode=110090000528,2025-12-03 14:41:33
