[
  {
    "브랜드": "아윤채",
    "상품명": "인리치 본딩 케어 크림 150ml",
    "별점": 4.94,
    "리뷰 개수": 1586,
    "원가": "₩28,000",
    "할인율": "0%",
    "판매가": "₩28,000",
    "피부타입별 구매비율": "N/A",
    "연령대별 구매비율": "N/A",
    "상품상세 이미지": "https://images-kr.amoremall.com/products/765001000050/765001000050_01.jpg?1755739872994, https://images-kr.amoremall.com/products/765001000050/765001000050_02.jpg?1755739872994, https://images-kr.amoremall.com/products/765001000050/765001000050_03.jpg?1753690826064",
    "상품 URL": "https://www.amoremall.com/kr/ko/product/detail?onlineProdSn=46814&onlineProdCode=765001000050",
    "크롤링 시간": "2025-12-03 14:28:35"
  },
  {
    "브랜드": "아윤채",
    "상품명": "리밸런싱 프레시 샴푸 500g",
    "별점": 4.85,
    "리뷰 개수": 814,
    "원가": "₩46,000",
    "할인율": "0%",
    "판매가": "₩46,000",
    "피부타입별 구매비율": "N/A",
    "연령대별 구매비율": "N/A",
    "상품상세 이미지": "https://images-kr.amoremall.com/products/765001000035/765001000035_01.jpg?1759198800149",
    "상품 URL": "https://www.amoremall.com/kr/ko/product/detail?onlineProdSn=45905&onlineProdCode=765001000035",
    "크롤링 시간": "2025-12-03 14:29:00"
  },
  {
    "브랜드": "아윤채",
    "상품명": "인핸싱 실키 컬러 샴푸 500g",
    "별점": 4.94,
    "리뷰 개수": 302,
    "원가": "₩46,000",
    "할인율": "0%",
    "판매가": "₩46,000",
    "피부타입별 구매비율": "N/A",
    "연령대별 구매비율": "N/A",
    "상품상세 이미지": "https://images-kr.amoremall.com/products/765001000043/765001000043_01.jpg?1618216721545",
    "상품 URL": "https://www.amoremall.com/kr/ko/product/detail?onlineProdSn=45913&onlineProdCode=765001000043",
    "크롤링 시간": "2025-12-03 14:29:07"
  },
  {
    "브랜드": "아윤채",
    "상품명": "인리치 본딩 케어 마스크 200ml",
    "별점": 4.81,
    "리뷰 개수": 226,
    "원가": "₩44,000",
    "할인율": "0%",
    "판매가": "₩44,000",
    "피부타입별 구매비율": "N/A",
    "연령대별 구매비율": "N/A",
    "상품상세 이미지": "https://images-kr.amoremall.com/products/765001000051/765001000051_01.jpg?1755739656886",
    "상품 URL": "https://www.amoremall.com/kr/ko/product/detail?onlineProdSn=46815&onlineProdCode=765001000051",
    "크롤링 시간": "2025-12-03 14:29:14"
  },
  {
    "브랜드": "아윤채",
    "상품명": "리밸런싱 모이스처 샴푸 500g",
    "별점": 4.84,
    "리뷰 개수": 483,
    "원가": "₩46,000",
    "할인율": "0%",
    "판매가": "₩46,000",
    "피부타입별 구매비율": "N/A",
    "연령대별 구매비율": "N/A",
    "상품상세 이미지": "https://images-kr.amoremall.com/products/765001000036/765001000036_01.jpg?1760922375929",
    "상품 URL": "https://www.amoremall.com/kr/ko/product/detail?onlineProdSn=45906&onlineProdCode=765001000036",
    "크롤링 시간": "2025-12-03 14:29:20"
  },
  {
    "브랜드": "아윤채",
    "상품명": "에어리 베일 컬 크림 150ml",
    "별점": 4.93,
    "리뷰 개수": 975,
    "원가": "₩28,000",
    "할인율": "0%",
    "판매가": "₩28,000",
    "피부타입별 구매비율": "N/A",
    "연령대별 구매비율": "N/A",
    "상품상세 이미지": "https://images-kr.amoremall.com/products/765001000049/765001000049_01.jpg?1618561829266",
    "상품 URL": "https://www.amoremall.com/kr/ko/product/detail?onlineProdSn=46130&onlineProdCode=765001000049",
    "크롤링 시간": "2025-12-03 14:29:26"
  },
  {
    "브랜드": "아윤채",
    "상품명": "인핸싱 실키 마스크 200ml",
    "별점": 4.75,
    "리뷰 개수": 203,
    "원가": "₩44,000",
    "할인율": "0%",
    "판매가": "₩44,000",
    "피부타입별 구매비율": "N/A",
    "연령대별 구매비율": "N/A",
    "상품상세 이미지": "https://images-kr.amoremall.com/products/765001000048/765001000048_01.jpg?1618561494885",
    "상품 URL": "https://www.amoremall.com/kr/ko/product/detail?onlineProdSn=46129&onlineProdCode=765001000048",
    "크롤링 시간": "2025-12-03 14:29:32"
  },
  {
    "브랜드": "아윤채",
    "상품명": "인리치 본딩 케어 샴푸 350g",
    "별점": 4.82,
    "리뷰 개수": 67,
    "원가": "₩38,000",
    "할인율": "0%",
    "판매가": "₩38,000",
    "피부타입별 구매비율": "N/A",
    "연령대별 구매비율": "N/A",
    "상품상세 이미지": "https://images-kr.amoremall.com/products/765001000065/765001000065_01.jpg?1753777191505",
    "상품 URL": "https://www.amoremall.com/kr/ko/product/detail?onlineProdSn=47750&onlineProdCode=765001000065",
    "크롤링 시간": "2025-12-03 14:29:38"
  },
  {
    "브랜드": "아윤채",
    "상품명": "인핸싱 실키 오일 100ml",
    "별점": 4.82,
    "리뷰 개수": 359,
    "원가": "₩39,000",
    "할인율": "0%",
    "판매가": "₩39,000",
    "피부타입별 구매비율": "N/A",
    "연령대별 구매비율": "N/A",
    "상품상세 이미지": "https://images-kr.amoremall.com/products/765001000044/765001000044_01.jpg?1618216672645",
    "상품 URL": "https://www.amoremall.com/kr/ko/product/detail?onlineProdSn=45914&onlineProdCode=765001000044",
    "크롤링 시간": "2025-12-03 14:29:45"
  },
  {
    "브랜드": "아윤채",
    "상품명": "인리치 본딩 케어 오일 100ml",
    "별점": 4.94,
    "리뷰 개수": 83,
    "원가": "₩39,000",
    "할인율": "0%",
    "판매가": "₩39,000",
    "피부타입별 구매비율": "N/A",
    "연령대별 구매비율": "N/A",
    "상품상세 이미지": "https://images-kr.amoremall.com/products/765001000105/765001000105_01.jpg?1755739727739",
    "상품 URL": "https://www.amoremall.com/kr/ko/product/detail?onlineProdSn=59840&onlineProdCode=765001000105",
    "크롤링 시간": "2025-12-03 14:29:51"
  },
  {
    "브랜드": "아윤채",
    "상품명": "더마 카밍 마일드 샴푸 500g",
    "별점": 4.8,
    "리뷰 개수": 92,
    "원가": "₩46,000",
    "할인율": "0%",
    "판매가": "₩46,000",
    "피부타입별 구매비율": "N/A",
    "연령대별 구매비율": "N/A",
    "상품상세 이미지": "https://images-kr.amoremall.com/products/765001000072/765001000072_01.jpg?1755738551773",
    "상품 URL": "https://www.amoremall.com/kr/ko/product/detail?onlineProdSn=48561&onlineProdCode=765001000072",
    "크롤링 시간": "2025-12-03 14:29:57"
  },
  {
    "브랜드": "아윤채",
    "상품명": "리프레싱 아쿠아 샴푸 500g",
    "별점": 4.86,
    "리뷰 개수": 329,
    "원가": "₩41,000",
    "할인율": "0%",
    "판매가": "₩41,000",
    "피부타입별 구매비율": "N/A",
    "연령대별 구매비율": "N/A",
    "상품상세 이미지": "https://images-kr.amoremall.com/products/765001000040/765001000040_01.jpg?1755739947594",
    "상품 URL": "https://www.amoremall.com/kr/ko/product/detail?onlineProdSn=45910&onlineProdCode=765001000040",
    "크롤링 시간": "2025-12-03 14:30:04"
  },
  {
    "브랜드": "아윤채",
    "상품명": "리밸런싱 스칼프 마스크 200ml",
    "별점": 4.79,
    "리뷰 개수": 279,
    "원가": "₩44,000",
    "할인율": "0%",
    "판매가": "₩44,000",
    "피부타입별 구매비율": "N/A",
    "연령대별 구매비율": "N/A",
    "상품상세 이미지": "https://images-kr.amoremall.com/products/765001000042/765001000042_01.jpg?1759292387265",
    "상품 URL": "https://www.amoremall.com/kr/ko/product/detail?onlineProdSn=45912&onlineProdCode=765001000042",
    "크롤링 시간": "2025-12-03 14:30:11"
  },
  {
    "브랜드": "아윤채",
    "상품명": "리밸런싱 스칼프 세럼 80ml",
    "별점": 4.76,
    "리뷰 개수": 288,
    "원가": "₩41,000",
    "할인율": "0%",
    "판매가": "₩41,000",
    "피부타입별 구매비율": "N/A",
    "연령대별 구매비율": "N/A",
    "상품상세 이미지": "https://images-kr.amoremall.com/products/765001000039/765001000039_01.jpg?1762154242168",
    "상품 URL": "https://www.amoremall.com/kr/ko/product/detail?onlineProdSn=45909&onlineProdCode=765001000039",
    "크롤링 시간": "2025-12-03 14:30:20"
  },
  {
    "브랜드": "아윤채",
    "상품명": "리밸런싱 마스크 100ml",
    "별점": 4.87,
    "리뷰 개수": 63,
    "원가": "₩23,000",
    "할인율": "0%",
    "판매가": "₩23,000",
    "피부타입별 구매비율": "N/A",
    "연령대별 구매비율": "N/A",
    "상품상세 이미지": "https://images-kr.amoremall.com/products/765001000088/765001000088_01.jpg?1649138954978",
    "상품 URL": "https://www.amoremall.com/kr/ko/product/detail?onlineProdSn=51618&onlineProdCode=765001000088",
    "크롤링 시간": "2025-12-03 14:30:28"
  },
  {
    "브랜드": "아윤채",
    "상품명": "에어리 베일 리브 인 폼 200ml",
    "별점": 4.91,
    "리뷰 개수": 90,
    "원가": "₩33,000",
    "할인율": "0%",
    "판매가": "₩33,000",
    "피부타입별 구매비율": "N/A",
    "연령대별 구매비율": "N/A",
    "상품상세 이미지": "https://images-kr.amoremall.com/products/765001000106/765001000106_01.jpg?1716282009728",
    "상품 URL": "https://www.amoremall.com/kr/ko/product/detail?onlineProdSn=61669&onlineProdCode=765001000106",
    "크롤링 시간": "2025-12-03 14:30:34"
  },
  {
    "브랜드": "아윤채",
    "상품명": "에어리 베일 볼륨 픽서 150ml",
    "별점": 4.96,
    "리뷰 개수": 182,
    "원가": "₩26,000",
    "할인율": "0%",
    "판매가": "₩26,000",
    "피부타입별 구매비율": "N/A",
    "연령대별 구매비율": "N/A",
    "상품상세 이미지": "https://images-kr.amoremall.com/products/765001000102/765001000102_01.jpg?1658990136859, https://images-kr.amoremall.com/products/765001000102/765001000102_02.jpg?1658990136859, https://images-kr.amoremall.com/products/765001000102/765001000102_03.jpg?1658990136859",
    "상품 URL": "https://www.amoremall.com/kr/ko/product/detail?onlineProdSn=53746&onlineProdCode=765001000102",
    "크롤링 시간": "2025-12-03 14:30:41"
  },
  {
    "브랜드": "아윤채",
    "상품명": "인핸싱 실키 마스크 100ml",
    "별점": 4.92,
    "리뷰 개수": 80,
    "원가": "₩23,000",
    "할인율": "0%",
    "판매가": "₩23,000",
    "피부타입별 구매비율": "N/A",
    "연령대별 구매비율": "N/A",
    "상품상세 이미지": "https://images-kr.amoremall.com/products/765001000086/765001000086_01.jpg?1649138567099",
    "상품 URL": "https://www.amoremall.com/kr/ko/product/detail?onlineProdSn=51615&onlineProdCode=765001000086",
    "크롤링 시간": "2025-12-03 14:30:47"
  },
  {
    "브랜드": "아윤채",
    "상품명": "더마 카밍 스칼프 마스크 100ml",
    "별점": 4.47,
    "리뷰 개수": 30,
    "원가": "₩23,000",
    "할인율": "0%",
    "판매가": "₩23,000",
    "피부타입별 구매비율": "N/A",
    "연령대별 구매비율": "N/A",
    "상품상세 이미지": "https://images-kr.amoremall.com/products/765001000085/765001000085_01.jpg?1754961937101",
    "상품 URL": "https://www.amoremall.com/kr/ko/product/detail?onlineProdSn=51596&onlineProdCode=765001000085",
    "크롤링 시간": "2025-12-03 14:30:53"
  },
  {
    "브랜드": "아윤채",
    "상품명": "더마 카밍 스칼프 세럼 80ml",
    "별점": 4.59,
    "리뷰 개수": 69,
    "원가": "₩41,000",
    "할인율": "0%",
    "판매가": "₩41,000",
    "피부타입별 구매비율": "N/A",
    "연령대별 구매비율": "N/A",
    "상품상세 이미지": "https://images-kr.amoremall.com/products/765001000073/765001000073_01.jpg?1755739794949",
    "상품 URL": "https://www.amoremall.com/kr/ko/product/detail?onlineProdSn=48562&onlineProdCode=765001000073",
    "크롤링 시간": "2025-12-03 14:30:59"
  }
]