[
  {
    "브랜드": "울트라잇츠",
    "상품명": "울트라 펌킨칩 (60g)",
    "별점": 4.64,
    "리뷰 개수": 78,
    "원가": "₩4,900",
    "할인율": "20%",
    "판매가": "₩3,900",
    "피부타입별 구매비율": "N/A",
    "연령대별 구매비율": "N/A",
    "상품상세 이미지": "https://images-kr.amoremall.com/products/005171000002/005171000002_01.jpg?1683872987347, https://images-kr.amoremall.com/products/005171000002/005171000002_02.jpg?1683872987347, https://images-kr.amoremall.com/products/005171000002/005171000002_03.jpg?1683872987347, https://images-kr.amoremall.com/products/005171000002/005171000002_04.png?1683872987347, https://images-kr.amoremall.com/products/005171000002/005171000002_05.png?1683872987347, https://images-kr.amoremall.com/products/005171000002/005171000002_06.png?1683872987347",
    "상품 URL": "https://www.amoremall.com/kr/ko/product/detail?onlineProdSn=58118&onlineProdCode=005171000002",
    "크롤링 시간": "2025-12-03 15:07:25"
  },
  {
    "브랜드": "울트라잇츠",
    "상품명": "울트라 펌킨티 기프트세트",
    "별점": 4.72,
    "리뷰 개수": 40,
    "원가": "₩28,900",
    "할인율": "31%",
    "판매가": "₩19,900",
    "피부타입별 구매비율": "N/A",
    "연령대별 구매비율": "N/A",
    "상품상세 이미지": "https://images-kr.amoremall.com/products/005171100010/005171100010_01.jpg?1683885394180, https://images-kr.amoremall.com/products/005171100010/005171100010_02.jpg?1683885394180, https://images-kr.amoremall.com/products/005171100010/005171100010_03.jpg?1683885394180",
    "상품 URL": "https://www.amoremall.com/kr/ko/product/detail?onlineProdSn=58129&onlineProdCode=005171100010",
    "크롤링 시간": "2025-12-03 15:07:31"
  },
  {
    "브랜드": "울트라잇츠",
    "상품명": "울트라 펌킨티 (2g x 20개입)",
    "별점": 4.89,
    "리뷰 개수": 73,
    "원가": "₩14,900",
    "할인율": "6%",
    "판매가": "₩13,900",
    "피부타입별 구매비율": "N/A",
    "연령대별 구매비율": "N/A",
    "상품상세 이미지": "https://images-kr.amoremall.com/products/005171000001/005171000001_01.jpg?1710234252871, https://images-kr.amoremall.com/products/005171000001/005171000001_02.jpg?1710234252871, https://images-kr.amoremall.com/products/005171000001/005171000001_03.jpg?1710234252871, https://images-kr.amoremall.com/products/005171000001/005171000001_04.jpg?1710234252871, https://images-kr.amoremall.com/products/005171000001/005171000001_05.jpg?1710234252871",
    "상품 URL": "https://www.amoremall.com/kr/ko/product/detail?onlineProdSn=58117&onlineProdCode=005171000001",
    "크롤링 시간": "2025-12-03 15:07:37"
  },
  {
    "브랜드": "울트라잇츠",
    "상품명": "울트라 호박팥차 (2g x 20개입)",
    "별점": 4.82,
    "리뷰 개수": 55,
    "원가": "₩14,900",
    "할인율": "6%",
    "판매가": "₩13,900",
    "피부타입별 구매비율": "N/A",
    "연령대별 구매비율": "N/A",
    "상품상세 이미지": "https://images-kr.amoremall.com/products/005171000008/005171000008_01.jpg?1710234195364, https://images-kr.amoremall.com/products/005171000008/005171000008_02.jpg?1710234195364, https://images-kr.amoremall.com/products/005171000008/005171000008_03.jpg?1710234195364, https://images-kr.amoremall.com/products/005171000008/005171000008_04.jpg?1710234195364, https://images-kr.amoremall.com/products/005171000008/005171000008_05.jpg?1710234195364",
    "상품 URL": "https://www.amoremall.com/kr/ko/product/detail?onlineProdSn=58127&onlineProdCode=005171000008",
    "크롤링 시간": "2025-12-03 15:07:49"
  },
  {
    "브랜드": "울트라잇츠",
    "상품명": "울트라 호박유자차 (2g x 20개입)",
    "별점": 4.6,
    "리뷰 개수": 40,
    "원가": "₩14,900",
    "할인율": "6%",
    "판매가": "₩13,900",
    "피부타입별 구매비율": "N/A",
    "연령대별 구매비율": "N/A",
    "상품상세 이미지": "https://images-kr.amoremall.com/products/005171000009/005171000009_01.jpg?1710234128209, https://images-kr.amoremall.com/products/005171000009/005171000009_02.jpg?1710234128209, https://images-kr.amoremall.com/products/005171000009/005171000009_03.jpg?1710234128209, https://images-kr.amoremall.com/products/005171000009/005171000009_04.jpg?1710234128209, https://images-kr.amoremall.com/products/005171000009/005171000009_05.jpg?1710234128209",
    "상품 URL": "https://www.amoremall.com/kr/ko/product/detail?onlineProdSn=58128&onlineProdCode=005171000009",
    "크롤링 시간": "2025-12-03 15:07:56"
  },
  {
    "브랜드": "울트라잇츠",
    "상품명": "울트라 펌킨티 보틀 1L 트라이탄 텀블러",
    "별점": 4.7,
    "리뷰 개수": 10,
    "원가": "₩13,900",
    "할인율": "0%",
    "판매가": "₩13,900",
    "피부타입별 구매비율": "N/A",
    "연령대별 구매비율": "N/A",
    "상품상세 이미지": "https://images-kr.amoremall.com/products/005171000011/005171000011_01.jpg?1692267147231, https://images-kr.amoremall.com/products/005171000011/005171000011_02.jpg?1692267147231, https://images-kr.amoremall.com/products/005171000011/005171000011_03.jpg?1692267147231, https://images-kr.amoremall.com/products/005171000011/005171000011_04.jpg?1692267147231, https://images-kr.amoremall.com/products/005171000011/005171000011_05.jpg?1692267147231",
    "상품 URL": "https://www.amoremall.com/kr/ko/product/detail?onlineProdSn=59325&onlineProdCode=005171000011",
    "크롤링 시간": "2025-12-03 15:08:02"
  }
]