﻿브랜드,상품명,별점,리뷰 개수,원가,할인율,판매가,피부타입별 구매비율,연령대별 구매비율,상품상세 이미지,상품 URL,크롤링 시간
앞바다즈,수면양말 1EA,4.77,970,"₩7,000",0%,"₩7,000",N/A,N/A,"https://images-kr.amoremall.com/products/111530000003/111530000003_01.png?1721264195438, https://images-kr.amoremall.com/products/111530000003/111530000003_02.png?1672028025127, https://images-kr.amoremall.com/products/111530000003/111530000003_03.png?1672028025127, https://images-kr.amoremall.com/products/111530000003/111530000003_04.png?1672028025127, https://images-kr.amoremall.com/products/111530000003/111530000003_05.png?1672028025127, https://images-kr.amoremall.com/products/111530000003/111530000003_06.jpg?1721264195438",https://www.amoremall.com/kr/ko/product/detail?onlineProdSn=56092&onlineProdCode=111530000003,2025-12-03 14:34:12
앞바다즈,앞바다즈 인형키링 8종,4.86,181,"₩15,000",0%,"₩15,000",N/A,N/A,"https://images-kr.amoremall.com/products/111530000009/111530000009_01.png?1721264355606, https://images-kr.amoremall.com/products/111530000009/111530000009_02.png?1721264355606, https://images-kr.amoremall.com/products/111530000009/111530000009_03.png?1702881704392, https://images-kr.amoremall.com/products/111530000009/111530000009_04.png?1721264355606, https://images-kr.amoremall.com/products/111530000009/111530000009_05.png?1702881704392",https://www.amoremall.com/kr/ko/product/detail?onlineProdSn=60324&onlineProdCode=111530000009,2025-12-03 14:34:18
앞바다즈,인형 파우치,4.86,345,"₩14,000",0%,"₩14,000",N/A,N/A,"https://images-kr.amoremall.com/products/111530000004/111530000004_01.png?1672028674609, https://images-kr.amoremall.com/products/111530000004/111530000004_02.png?1672028674609, https://images-kr.amoremall.com/products/111530000004/111530000004_03.png?1672028674609, https://images-kr.amoremall.com/products/111530000004/111530000004_04.png?1672028674609",https://www.amoremall.com/kr/ko/product/detail?onlineProdSn=56093&onlineProdCode=111530000004,2025-12-03 14:34:29
앞바다즈,APBADAs 인형 6종,4.86,131,"₩21,000",20%,"₩16,800",N/A,N/A,"https://images-kr.amoremall.com/products/111530000001/111530000001_01.png?1721263712299, https://images-kr.amoremall.com/products/111530000001/111530000001_02.png?1721263712299, https://images-kr.amoremall.com/products/111530000001/111530000001_03.png?1721263712299, https://images-kr.amoremall.com/products/111530000001/111530000001_04.png?1721263712299, https://images-kr.amoremall.com/products/111530000001/111530000001_05.png?1721263712299",https://www.amoremall.com/kr/ko/product/detail?onlineProdSn=53859&onlineProdCode=111530000001,2025-12-03 14:34:34
앞바다즈,APBADAs 돌풍이 마우스패드 1EA,4.8,422,"₩3,500",0%,"₩3,500",N/A,N/A,"https://images-kr.amoremall.com/products/999990000149/999990000149_01.png?1721264727312, https://images-kr.amoremall.com/products/999990000149/999990000149_02.png?1721264727312",https://www.amoremall.com/kr/ko/product/detail?onlineProdSn=52812&onlineProdCode=999990000149,2025-12-03 14:34:41
앞바다즈,APBADAs X KBP 스트링 파우치,4.79,311,"₩8,000",0%,"₩8,000",N/A,N/A,"https://images-kr.amoremall.com/products/999990000155/999990000155_01.png?1721264083857, https://images-kr.amoremall.com/products/999990000155/999990000155_02.png?1721264083857",https://www.amoremall.com/kr/ko/product/detail?onlineProdSn=52830&onlineProdCode=999990000155,2025-12-03 14:34:47
앞바다즈,APBADAs X KBP 랩탑 파우치 1EA,4.74,93,"₩49,000",0%,"₩49,000",N/A,N/A,"https://images-kr.amoremall.com/products/999990000154/999990000154_01.png?1721263994639, https://images-kr.amoremall.com/products/999990000154/999990000154_02.png?1721263994639",https://www.amoremall.com/kr/ko/product/detail?onlineProdSn=52829&onlineProdCode=999990000154,2025-12-03 14:34:52
앞바다즈,APBADAs 돌풍이 캐릭터인형 L,4.9,104,"₩25,000",30%,"₩17,500",N/A,N/A,"https://images-kr.amoremall.com/products/999990000153/999990000153_01.png?1701667986581, https://images-kr.amoremall.com/products/999990000153/999990000153_02.png?1701667986581, https://images-kr.amoremall.com/products/999990000153/999990000153_03.png?1701667986581, https://images-kr.amoremall.com/products/999990000153/999990000153_04.png?1701667986581, https://images-kr.amoremall.com/products/999990000153/999990000153_05.png?1701667986581, https://images-kr.amoremall.com/products/999990000153/999990000153_06.png?1701667986581",https://www.amoremall.com/kr/ko/product/detail?onlineProdSn=52820&onlineProdCode=999990000153,2025-12-03 14:34:58
앞바다즈,APBADAs스티커 1EA,4.76,86,"₩2,500",0%,"₩2,500",N/A,N/A,"https://images-kr.amoremall.com/products/999990000150/999990000150_01.png?1655102490144, https://images-kr.amoremall.com/products/999990000150/999990000150_02.png?1655102490144, https://images-kr.amoremall.com/products/999990000150/999990000150_03.jpg?1654762287752, https://images-kr.amoremall.com/products/999990000150/999990000150_04.jpg?1654761483790, https://images-kr.amoremall.com/products/999990000150/999990000150_05.jpg?1654762287752, https://images-kr.amoremall.com/products/999990000150/999990000150_06.jpg?1655102490144, https://images-kr.amoremall.com/products/999990000150/999990000150_07.jpg?1655102490144, https://images-kr.amoremall.com/products/999990000150/999990000150_08.jpg?1655102490144, https://images-kr.amoremall.com/products/999990000150/999990000150_09.jpg?1655102490144",https://www.amoremall.com/kr/ko/product/detail?onlineProdSn=52815&onlineProdCode=999990000150,2025-12-03 14:35:05
앞바다즈,APBADAs 인형 키링 아모레까뮈 1EA,4.78,9,"₩15,000",0%,"₩15,000",N/A,N/A,"https://images-kr.amoremall.com/products/111530000011/111530000011_01.png?1701667003826, https://images-kr.amoremall.com/products/111530000011/111530000011_02.png?1701667003826, https://images-kr.amoremall.com/products/111530000011/111530000011_03.png?1702881261583, https://images-kr.amoremall.com/products/111530000011/111530000011_04.png?1702881261583, https://images-kr.amoremall.com/products/111530000011/111530000011_05.png?1702881261583, https://images-kr.amoremall.com/products/111530000011/111530000011_06.png?1702881261583, https://images-kr.amoremall.com/products/111530000011/111530000011_07.png?1702881261583",https://www.amoremall.com/kr/ko/product/detail?onlineProdSn=60326&onlineProdCode=111530000011,2025-12-03 14:35:13
앞바다즈,돌풍이/돌풍E 캐릭터 인형,5.0,2,"₩27,000",0%,"₩27,000",N/A,N/A,"https://images-kr.amoremall.com/products/111530000007/111530000007_01.png?1676268743734, https://images-kr.amoremall.com/products/111530000007/111530000007_02.png?1676268743734, https://images-kr.amoremall.com/products/111530000007/111530000007_03.png?1676268743734",https://www.amoremall.com/kr/ko/product/detail?onlineProdSn=56728&onlineProdCode=111530000007,2025-12-03 14:35:19
앞바다즈,캐릭터 지비츠,4.93,45,"₩15,000",0%,"₩15,000",N/A,N/A,"https://images-kr.amoremall.com/products/111530000005/111530000005_01.jpg?1672029090267, https://images-kr.amoremall.com/products/111530000005/111530000005_02.png?1672029090267, https://images-kr.amoremall.com/products/111530000005/111530000005_03.png?1672029090267, https://images-kr.amoremall.com/products/111530000005/111530000005_04.png?1672029090267",https://www.amoremall.com/kr/ko/product/detail?onlineProdSn=56094&onlineProdCode=111530000005,2025-12-03 14:35:34
앞바다즈,무릎담요,4.78,91,"₩29,000",0%,"₩29,000",N/A,N/A,"https://images-kr.amoremall.com/products/111530000006/111530000006_01.png?1721264808698, https://images-kr.amoremall.com/products/111530000006/111530000006_02.png?1721264808698",https://www.amoremall.com/kr/ko/product/detail?onlineProdSn=56095&onlineProdCode=111530000006,2025-12-03 14:35:40
앞바다즈,APBADAs 인형 키링 아모레까뮈 1EA,4.78,9,"₩15,000",0%,"₩15,000",N/A,N/A,"https://images-kr.amoremall.com/products/111530000011/111530000011_01.png?1701667003826, https://images-kr.amoremall.com/products/111530000011/111530000011_02.png?1701667003826, https://images-kr.amoremall.com/products/111530000011/111530000011_03.png?1702881261583, https://images-kr.amoremall.com/products/111530000011/111530000011_04.png?1702881261583, https://images-kr.amoremall.com/products/111530000011/111530000011_05.png?1702881261583, https://images-kr.amoremall.com/products/111530000011/111530000011_06.png?1702881261583, https://images-kr.amoremall.com/products/111530000011/111530000011_07.png?1702881261583",https://www.amoremall.com/kr/ko/product/detail?onlineProdSn=60326&onlineProdCode=111530000011,2025-12-03 14:35:47
앞바다즈,돌풍이/돌풍E 캐릭터 인형,5.0,2,"₩27,000",0%,"₩27,000",N/A,N/A,"https://images-kr.amoremall.com/products/111530000007/111530000007_01.png?1676268743734, https://images-kr.amoremall.com/products/111530000007/111530000007_02.png?1676268743734, https://images-kr.amoremall.com/products/111530000007/111530000007_03.png?1676268743734",https://www.amoremall.com/kr/ko/product/detail?onlineProdSn=56728&onlineProdCode=111530000007,2025-12-03 14:35:53
앞바다즈,스노우 메이커,4.89,9,"₩19,000",0%,"₩19,000",N/A,N/A,"https://images-kr.amoremall.com/products/111530000002/111530000002_01.png?1671000807964, https://images-kr.amoremall.com/products/111530000002/111530000002_02.jpg?1671000807964, https://images-kr.amoremall.com/products/111530000002/111530000002_03.jpg?1671000807964",https://www.amoremall.com/kr/ko/product/detail?onlineProdSn=55920&onlineProdCode=111530000002,2025-12-03 14:35:58
앞바다즈,APBADAs 돌풍E 캐릭터인형 L,5.0,15,"₩25,000",0%,"₩25,000",N/A,N/A,"https://images-kr.amoremall.com/products/111530000015/111530000015_01.png?1721264467790, https://images-kr.amoremall.com/products/111530000015/111530000015_02.png?1721264467790, https://images-kr.amoremall.com/products/111530000015/111530000015_03.png?1721264467790",https://www.amoremall.com/kr/ko/product/detail?onlineProdSn=60330&onlineProdCode=111530000015,2025-12-03 14:36:05
앞바다즈,APBADAs스마트톡 1EA,4.81,52,"₩13,000",0%,"₩13,000",N/A,N/A,"https://images-kr.amoremall.com/products/999990000147/999990000147_01.png?1655102351443, https://images-kr.amoremall.com/products/999990000147/999990000147_02.jpg?1654763958910, https://images-kr.amoremall.com/products/999990000147/999990000147_03.jpg?1654763958910, https://images-kr.amoremall.com/products/999990000147/999990000147_04.jpg?1654763958910, https://images-kr.amoremall.com/products/999990000147/999990000147_05.jpg?1654763958910",https://www.amoremall.com/kr/ko/product/detail?onlineProdSn=52809&onlineProdCode=999990000147,2025-12-03 14:36:11
앞바다즈,APBADAs캐릭터실리콘참(8종SET) 8EA,4.62,39,"₩21,000",0%,"₩21,000",N/A,N/A,"https://images-kr.amoremall.com/products/999990000151/999990000151_01.png?1655102779291, https://images-kr.amoremall.com/products/999990000151/999990000151_02.jpg?1654766166813, https://images-kr.amoremall.com/products/999990000151/999990000151_03.jpg?1654766166813, https://images-kr.amoremall.com/products/999990000151/999990000151_04.jpg?1654766166813, https://images-kr.amoremall.com/products/999990000151/999990000151_05.jpg?1654766166813, https://images-kr.amoremall.com/products/999990000151/999990000151_06.jpg?1654766166813, https://images-kr.amoremall.com/products/999990000151/999990000151_07.jpg?1654766166813",https://www.amoremall.com/kr/ko/product/detail?onlineProdSn=52816&onlineProdCode=999990000151,2025-12-03 14:36:17
앞바다즈,[2입] 무릎담요,5.0,1,"₩58,000",30%,"₩40,600",N/A,N/A,"https://images-kr.amoremall.com/products/111530000028/111530000028_01.jpg?1740449946447, https://images-kr.amoremall.com/products/111530000028/111530000028_02.png?1740449946447",https://www.amoremall.com/kr/ko/product/detail?onlineProdSn=64172&onlineProdCode=111530000028,2025-12-03 14:36:24
