[
  {
    "브랜드": "오설록",
    "상품명": "[선물추천] 프리미엄 티 컬렉션 10종 (원산지:상세설명참조)",
    "별점": 4.9,
    "리뷰 개수": 3394,
    "원가": "₩32,000",
    "할인율": "20%",
    "판매가": "₩25,600",
    "피부타입별 구매비율": "N/A",
    "연령대별 구매비율": "N/A",
    "상품상세 이미지": "https://images-kr.amoremall.com/products/411110000594/411110000594_01.jpg?1734272192444, https://images-kr.amoremall.com/products/411110000594/411110000594_02.jpg?1733907812498, https://images-kr.amoremall.com/products/411110000594/411110000594_03.jpg?1733907812498, https://images-kr.amoremall.com/products/411110000594/411110000594_04.jpg?1733907812498, https://images-kr.amoremall.com/products/411110000594/411110000594_05.jpg?1733907812498",
    "상품 URL": "https://www.amoremall.com/kr/ko/product/detail?onlineProdSn=58962&onlineProdCode=411110000594",
    "크롤링 시간": "2025-12-03 15:00:03"
  },
  {
    "브랜드": "오설록",
    "상품명": "NEW허브티 20입 (멜로우 민트/캐모마일 라벤더/ 체리 루이보스) (원산지:상세설명참조)",
    "별점": 4.81,
    "리뷰 개수": 799,
    "원가": "₩11,000",
    "할인율": "10%",
    "판매가": "₩9,900",
    "피부타입별 구매비율": "N/A",
    "연령대별 구매비율": "N/A",
    "상품상세 이미지": "https://images-kr.amoremall.com/products/411110000822/411110000822_01.png?1760076498428, https://images-kr.amoremall.com/products/411110000822/411110000822_02.jpg?1760076498428, https://images-kr.amoremall.com/products/411110000822/411110000822_03.jpg?1760076498428, https://images-kr.amoremall.com/products/411110000822/411110000822_04.jpg?1760076498428, https://images-kr.amoremall.com/products/411110000822/411110000822_05.jpg?1760076498428, https://images-kr.amoremall.com/products/411110000822/411110000822_06.jpg?1760076498428, https://images-kr.amoremall.com/products/411110000822/411110000822_07.jpg?1760076498428, https://images-kr.amoremall.com/products/411110000822/411110000822_08.jpg?1760076498428, https://images-kr.amoremall.com/products/411110000822/411110000822_09.jpg?1760076498428, https://images-kr.amoremall.com/products/411110000822/411110000822_10.jpg?1760076498428",
    "상품 URL": "https://www.amoremall.com/kr/ko/product/detail?onlineProdSn=66983&onlineProdCode=411110000822",
    "크롤링 시간": "2025-12-03 15:00:09"
  },
  {
    "브랜드": "오설록",
    "상품명": "제주 호지차 밀크티 10입 (원산지:상세설명참조)",
    "별점": 5.0,
    "리뷰 개수": 19,
    "원가": "₩13,000",
    "할인율": "5%",
    "판매가": "₩12,350",
    "피부타입별 구매비율": "N/A",
    "연령대별 구매비율": "N/A",
    "상품상세 이미지": "https://images-kr.amoremall.com/products/411110000836/411110000836_01.jpg?1762393617802, https://images-kr.amoremall.com/products/411110000836/411110000836_02.jpg?1762393617802, https://images-kr.amoremall.com/products/411110000836/411110000836_03.jpg?1762393617802, https://images-kr.amoremall.com/products/411110000836/411110000836_04.jpg?1762393617802, https://images-kr.amoremall.com/products/411110000836/411110000836_05.png?1762393617802",
    "상품 URL": "https://www.amoremall.com/kr/ko/product/detail?onlineProdSn=67354&onlineProdCode=411110000836",
    "크롤링 시간": "2025-12-03 15:00:16"
  },
  {
    "브랜드": "오설록",
    "상품명": "제주 말차 밀크티 10입 (원산지:상세설명참조)",
    "별점": 4.87,
    "리뷰 개수": 872,
    "원가": "₩13,000",
    "할인율": "15%",
    "판매가": "₩11,050",
    "피부타입별 구매비율": "N/A",
    "연령대별 구매비율": "N/A",
    "상품상세 이미지": "https://images-kr.amoremall.com/products/411110000663/411110000663_01.jpg?1731564423292, https://images-kr.amoremall.com/products/411110000663/411110000663_02.jpg?1731564423292, https://images-kr.amoremall.com/products/411110000663/411110000663_03.jpg?1731564423292, https://images-kr.amoremall.com/products/411110000663/411110000663_04.jpg?1731564423292, https://images-kr.amoremall.com/products/411110000663/411110000663_05.png?1731564423292",
    "상품 URL": "https://www.amoremall.com/kr/ko/product/detail?onlineProdSn=63136&onlineProdCode=411110000663",
    "크롤링 시간": "2025-12-03 15:00:20"
  },
  {
    "브랜드": "오설록",
    "상품명": "프리미엄 말차 40g (원산지:상세설명참조)",
    "별점": 4.83,
    "리뷰 개수": 1052,
    "원가": "₩23,000",
    "할인율": "5%",
    "판매가": "₩21,850",
    "피부타입별 구매비율": "N/A",
    "연령대별 구매비율": "N/A",
    "상품상세 이미지": "https://images-kr.amoremall.com/products/411110000536/411110000536_01.jpg?1746605350919, https://images-kr.amoremall.com/products/411110000536/411110000536_02.jpg?1746605350919, https://images-kr.amoremall.com/products/411110000536/411110000536_03.jpg?1746605350919, https://images-kr.amoremall.com/products/411110000536/411110000536_04.jpg?1746605350919",
    "상품 URL": "https://www.amoremall.com/kr/ko/product/detail?onlineProdSn=56053&onlineProdCode=411110000536",
    "크롤링 시간": "2025-12-03 15:00:27"
  },
  {
    "브랜드": "오설록",
    "상품명": "말차 스트로베리 트러플 80g (원산지:상세설명참조)",
    "별점": 5.0,
    "리뷰 개수": 16,
    "원가": "₩14,000",
    "할인율": "5%",
    "판매가": "₩13,300",
    "피부타입별 구매비율": "N/A",
    "연령대별 구매비율": "N/A",
    "상품상세 이미지": "https://images-kr.amoremall.com/products/411110000837/411110000837_01.jpg?1762394095619, https://images-kr.amoremall.com/products/411110000837/411110000837_02.jpg?1762394095619, https://images-kr.amoremall.com/products/411110000837/411110000837_03.jpg?1762394095619, https://images-kr.amoremall.com/products/411110000837/411110000837_04.jpg?1762394095619, https://images-kr.amoremall.com/products/411110000837/411110000837_05.png?1762394095619",
    "상품 URL": "https://www.amoremall.com/kr/ko/product/detail?onlineProdSn=67355&onlineProdCode=411110000837",
    "크롤링 시간": "2025-12-03 15:00:32"
  },
  {
    "브랜드": "오설록",
    "상품명": "제주 말차 오트 블렌드 10입 (원산지:상세설명참조)",
    "별점": 4.62,
    "리뷰 개수": 13,
    "원가": "₩13,000",
    "할인율": "5%",
    "판매가": "₩12,350",
    "피부타입별 구매비율": "N/A",
    "연령대별 구매비율": "N/A",
    "상품상세 이미지": "https://images-kr.amoremall.com/products/411110000835/411110000835_01.jpg?1762392919188, https://images-kr.amoremall.com/products/411110000835/411110000835_02.jpg?1762392919188, https://images-kr.amoremall.com/products/411110000835/411110000835_03.jpg?1762392919188, https://images-kr.amoremall.com/products/411110000835/411110000835_04.jpg?1762392919188, https://images-kr.amoremall.com/products/411110000835/411110000835_05.png?1762393034118",
    "상품 URL": "https://www.amoremall.com/kr/ko/product/detail?onlineProdSn=67353&onlineProdCode=411110000835",
    "크롤링 시간": "2025-12-03 15:00:37"
  },
  {
    "브랜드": "오설록",
    "상품명": "그린티 딸기 랑드샤 (원산지:상세설명참조) 90g",
    "별점": 4.8,
    "리뷰 개수": 329,
    "원가": "₩14,000",
    "할인율": "10%",
    "판매가": "₩12,600",
    "피부타입별 구매비율": "N/A",
    "연령대별 구매비율": "N/A",
    "상품상세 이미지": "https://images-kr.amoremall.com/products/411110000762/411110000762_01.jpg?1758158469233, https://images-kr.amoremall.com/products/411110000762/411110000762_02.jpg?1758158469233, https://images-kr.amoremall.com/products/411110000762/411110000762_03.jpg?1758158469233, https://images-kr.amoremall.com/products/411110000762/411110000762_04.png?1758158469233, https://images-kr.amoremall.com/products/411110000762/411110000762_05.jpg?1758158476956",
    "상품 URL": "https://www.amoremall.com/kr/ko/product/detail?onlineProdSn=66052&onlineProdCode=411110000762",
    "크롤링 시간": "2025-12-03 15:00:41"
  },
  {
    "브랜드": "오설록",
    "상품명": "말차 그래놀라 쿠키 120g (원산지:상세설명참조)",
    "별점": 4.91,
    "리뷰 개수": 22,
    "원가": "₩10,000",
    "할인율": "5%",
    "판매가": "₩9,500",
    "피부타입별 구매비율": "N/A",
    "연령대별 구매비율": "N/A",
    "상품상세 이미지": "https://images-kr.amoremall.com/products/411110000838/411110000838_01.png?1762395586243, https://images-kr.amoremall.com/products/411110000838/411110000838_02.png?1762395622972, https://images-kr.amoremall.com/products/411110000838/411110000838_03.png?1762395622972, https://images-kr.amoremall.com/products/411110000838/411110000838_04.png?1762395622972, https://images-kr.amoremall.com/products/411110000838/411110000838_05.png?1762395622972",
    "상품 URL": "https://www.amoremall.com/kr/ko/product/detail?onlineProdSn=67357&onlineProdCode=411110000838",
    "크롤링 시간": "2025-12-03 15:00:49"
  },
  {
    "브랜드": "오설록",
    "상품명": "호지차 20입 (원산지:상세설명참조)",
    "별점": 5.0,
    "리뷰 개수": 10,
    "원가": "₩11,000",
    "할인율": "0%",
    "판매가": "₩11,000",
    "피부타입별 구매비율": "N/A",
    "연령대별 구매비율": "N/A",
    "상품상세 이미지": "https://images-kr.amoremall.com/products/411110000821/411110000821_01.jpg?1762396173536, https://images-kr.amoremall.com/products/411110000821/411110000821_02.jpg?1762396173536, https://images-kr.amoremall.com/products/411110000821/411110000821_03.jpg?1762396173536, https://images-kr.amoremall.com/products/411110000821/411110000821_04.png?1762396173536",
    "상품 URL": "https://www.amoremall.com/kr/ko/product/detail?onlineProdSn=66955&onlineProdCode=411110000821",
    "크롤링 시간": "2025-12-03 15:00:55"
  },
  {
    "브랜드": "오설록",
    "상품명": "말차 프레첼 70g (원산지:상세설명참조)",
    "별점": 4.76,
    "리뷰 개수": 851,
    "원가": "₩6,000",
    "할인율": "10%",
    "판매가": "₩5,400",
    "피부타입별 구매비율": "N/A",
    "연령대별 구매비율": "N/A",
    "상품상세 이미지": "https://images-kr.amoremall.com/products/411110000616/411110000616_01.jpg?1707351481137, https://images-kr.amoremall.com/products/411110000616/411110000616_02.jpg?1707351481137, https://images-kr.amoremall.com/products/411110000616/411110000616_03.jpg?1707351481137, https://images-kr.amoremall.com/products/411110000616/411110000616_04.jpg?1707351481137, https://images-kr.amoremall.com/products/411110000616/411110000616_05.png?1747981637978",
    "상품 URL": "https://www.amoremall.com/kr/ko/product/detail?onlineProdSn=60830&onlineProdCode=411110000616",
    "크롤링 시간": "2025-12-03 15:01:00"
  },
  {
    "브랜드": "오설록",
    "상품명": "프리미엄 녹차와플 72g (원산지:상세설명참조)",
    "별점": 4.75,
    "리뷰 개수": 1719,
    "원가": "₩6,000",
    "할인율": "5%",
    "판매가": "₩5,700",
    "피부타입별 구매비율": "N/A",
    "연령대별 구매비율": "N/A",
    "상품상세 이미지": "https://images-kr.amoremall.com/products/411110000409/411110000409_01.jpg?1743491169307, https://images-kr.amoremall.com/products/411110000409/411110000409_02.jpg?1743491169307, https://images-kr.amoremall.com/products/411110000409/411110000409_03.jpg?1743491169307, https://images-kr.amoremall.com/products/411110000409/411110000409_04.jpg?1669796844180, https://images-kr.amoremall.com/products/411110000409/411110000409_05.jpg?1743491169307",
    "상품 URL": "https://www.amoremall.com/kr/ko/product/detail?onlineProdSn=52996&onlineProdCode=411110000409",
    "크롤링 시간": "2025-12-03 15:01:12"
  },
  {
    "브랜드": "오설록",
    "상품명": "그린티 랑드샤 10입 (원산지:상세설명참조)",
    "별점": 4.77,
    "리뷰 개수": 1303,
    "원가": "₩14,000",
    "할인율": "10%",
    "판매가": "₩12,600",
    "피부타입별 구매비율": "N/A",
    "연령대별 구매비율": "N/A",
    "상품상세 이미지": "https://images-kr.amoremall.com/products/411110000417/411110000417_01.jpg?1743491070826, https://images-kr.amoremall.com/products/411110000417/411110000417_02.jpg?1743491070826, https://images-kr.amoremall.com/products/411110000417/411110000417_03.jpg?1743491070826, https://images-kr.amoremall.com/products/411110000417/411110000417_04.jpg?1743491070826",
    "상품 URL": "https://www.amoremall.com/kr/ko/product/detail?onlineProdSn=53004&onlineProdCode=411110000417",
    "크롤링 시간": "2025-12-03 15:01:34"
  },
  {
    "브랜드": "오설록",
    "상품명": "삼다 꿀배 티 20입 (원산지:상세설명참조)",
    "별점": 4.86,
    "리뷰 개수": 1399,
    "원가": "₩11,000",
    "할인율": "15%",
    "판매가": "₩9,350",
    "피부타입별 구매비율": "N/A",
    "연령대별 구매비율": "N/A",
    "상품상세 이미지": "https://images-kr.amoremall.com/products/411110000411/411110000411_01.jpg?1730936619824, https://images-kr.amoremall.com/products/411110000411/411110000411_02.jpg?1730936619824, https://images-kr.amoremall.com/products/411110000411/411110000411_03.jpg?1730936619824, https://images-kr.amoremall.com/products/411110000411/411110000411_04.jpg?1730936619824, https://images-kr.amoremall.com/products/411110000411/411110000411_05.png?1730936619824",
    "상품 URL": "https://www.amoremall.com/kr/ko/product/detail?onlineProdSn=52998&onlineProdCode=411110000411",
    "크롤링 시간": "2025-12-03 15:01:43"
  },
  {
    "브랜드": "오설록",
    "상품명": "스윗 허니 블랙티 20입 (원산지:상세설명참조)",
    "별점": 4.76,
    "리뷰 개수": 447,
    "원가": "₩11,000",
    "할인율": "5%",
    "판매가": "₩10,450",
    "피부타입별 구매비율": "N/A",
    "연령대별 구매비율": "N/A",
    "상품상세 이미지": "https://images-kr.amoremall.com/products/411110000612/411110000612_01.jpg?1756949258899, https://images-kr.amoremall.com/products/411110000612/411110000612_02.jpg?1756949258899, https://images-kr.amoremall.com/products/411110000612/411110000612_03.jpg?1756949258899",
    "상품 URL": "https://www.amoremall.com/kr/ko/product/detail?onlineProdSn=60369&onlineProdCode=411110000612",
    "크롤링 시간": "2025-12-03 15:02:15"
  },
  {
    "브랜드": "오설록",
    "상품명": "그린티 웨하스 100g (원산지:상세설명참조)",
    "별점": 4.76,
    "리뷰 개수": 1876,
    "원가": "₩6,000",
    "할인율": "5%",
    "판매가": "₩5,700",
    "피부타입별 구매비율": "N/A",
    "연령대별 구매비율": "N/A",
    "상품상세 이미지": "https://images-kr.amoremall.com/products/411110000407/411110000407_01.jpg?1743489545146, https://images-kr.amoremall.com/products/411110000407/411110000407_02.jpg?1743489545146, https://images-kr.amoremall.com/products/411110000407/411110000407_03.jpg?1669796679669, https://images-kr.amoremall.com/products/411110000407/411110000407_04.jpg?1669796679669, https://images-kr.amoremall.com/products/411110000407/411110000407_05.jpg?1743489545146",
    "상품 URL": "https://www.amoremall.com/kr/ko/product/detail?onlineProdSn=52994&onlineProdCode=411110000407",
    "크롤링 시간": "2025-12-03 15:02:23"
  },
  {
    "브랜드": "오설록",
    "상품명": "말차 비스코티 칩 100g (원산지:상세설명참조)",
    "별점": 4.64,
    "리뷰 개수": 574,
    "원가": "₩14,000",
    "할인율": "10%",
    "판매가": "₩12,600",
    "피부타입별 구매비율": "N/A",
    "연령대별 구매비율": "N/A",
    "상품상세 이미지": "https://images-kr.amoremall.com/products/411110000705/411110000705_01.jpg?1750754344412, https://images-kr.amoremall.com/products/411110000705/411110000705_02.jpg?1740124089582, https://images-kr.amoremall.com/products/411110000705/411110000705_03.jpg?1740124089582, https://images-kr.amoremall.com/products/411110000705/411110000705_04.jpg?1740124089582",
    "상품 URL": "https://www.amoremall.com/kr/ko/product/detail?onlineProdSn=64109&onlineProdCode=411110000705",
    "크롤링 시간": "2025-12-03 15:02:54"
  },
  {
    "브랜드": "오설록",
    "상품명": "제주섬 녹차 초콜릿바 120g (원산지:상세설명참조)",
    "별점": 4.69,
    "리뷰 개수": 636,
    "원가": "₩11,000",
    "할인율": "10%",
    "판매가": "₩9,900",
    "피부타입별 구매비율": "N/A",
    "연령대별 구매비율": "N/A",
    "상품상세 이미지": "https://images-kr.amoremall.com/products/411110000508/411110000508_01.jpg?1728364432400, https://images-kr.amoremall.com/products/411110000508/411110000508_02.jpg?1728364432400, https://images-kr.amoremall.com/products/411110000508/411110000508_03.jpg?1728364432400, https://images-kr.amoremall.com/products/411110000508/411110000508_04.png?1728365566117",
    "상품 URL": "https://www.amoremall.com/kr/ko/product/detail?onlineProdSn=55800&onlineProdCode=411110000508",
    "크롤링 시간": "2025-12-03 15:03:01"
  },
  {
    "브랜드": "오설록",
    "상품명": "제주 삼다 영귤 티 20입 (원산지:상세설명참조)",
    "별점": 4.82,
    "리뷰 개수": 751,
    "원가": "₩11,000",
    "할인율": "10%",
    "판매가": "₩9,900",
    "피부타입별 구매비율": "N/A",
    "연령대별 구매비율": "N/A",
    "상품상세 이미지": "https://images-kr.amoremall.com/products/411110000419/411110000419_01.png?1738547910288, https://images-kr.amoremall.com/products/411110000419/411110000419_02.png?1738547910288, https://images-kr.amoremall.com/products/411110000419/411110000419_03.png?1738547910288, https://images-kr.amoremall.com/products/411110000419/411110000419_04.png?1738547910288, https://images-kr.amoremall.com/products/411110000419/411110000419_05.png?1738547910288",
    "상품 URL": "https://www.amoremall.com/kr/ko/product/detail?onlineProdSn=53006&onlineProdCode=411110000419",
    "크롤링 시간": "2025-12-03 15:03:19"
  },
  {
    "브랜드": "오설록",
    "상품명": "[가벼운선물] 러블리 티박스 4종 (원산지:상세설명참조)",
    "별점": 4.87,
    "리뷰 개수": 1440,
    "원가": "₩24,000",
    "할인율": "10%",
    "판매가": "₩21,600",
    "피부타입별 구매비율": "N/A",
    "연령대별 구매비율": "N/A",
    "상품상세 이미지": "https://images-kr.amoremall.com/products/411110100422/411110100422_01.jpg?1738545423042, https://images-kr.amoremall.com/products/411110100422/411110100422_02.jpg?1738545423042, https://images-kr.amoremall.com/products/411110100422/411110100422_03.jpg?1738545423042, https://images-kr.amoremall.com/products/411110100422/411110100422_04.jpg?1738545423042",
    "상품 URL": "https://www.amoremall.com/kr/ko/product/detail?onlineProdSn=53009&onlineProdCode=411110100422",
    "크롤링 시간": "2025-12-03 15:03:26"
  }
]