﻿브랜드,상품명,별점,리뷰 개수,원가,할인율,판매가,피부타입별 구매비율,연령대별 구매비율,상품상세 이미지,상품 URL,크롤링 시간
에스트라,[듀오] 아토베리어365 세라-히알 속수분 앰플 30ml + 아토베리어365크림 80ml,4.84,144,"₩66,000",20%,"₩52,800",N/A,N/A,"https://images-kr.amoremall.com/products/1762303475241/150100000400/150100000400_00.png?1762303476386, https://images-kr.amoremall.com/products/150100000400/150100000400_01.png?1762303434103, https://images-kr.amoremall.com/products/150100000400/150100000400_02.png?1729217584089, https://images-kr.amoremall.com/products/150100000400/150100000400_03.png?1729217919873, https://images-kr.amoremall.com/products/150100000400/150100000400_04.png?1729217919873, https://images-kr.amoremall.com/products/150100000400/150100000400_05.png?1729217919873, https://images-kr.amoremall.com/products/150100000400/150100000400_06.png?1729217919873, https://images-kr.amoremall.com/products/150100000400/150100000400_07.png?1729217919873, https://images-kr.amoremall.com/products/150100000400/150100000400_08.png?1729217919873, https://images-kr.amoremall.com/products/150100000400/150100000400_09.png?1729217919873",https://www.amoremall.com/kr/ko/product/detail?onlineProdSn=62899&onlineProdCode=150100000400,2025-12-03 14:45:12
에스트라,[더블]아토베리어365 세라-히알 속수분 앰플 30ml*2개,4.85,622,"₩66,000",20%,"₩52,800",N/A,N/A,"https://images-kr.amoremall.com/products/1758703648436/150100000399/150100000399_00.png?1758703649875, https://images-kr.amoremall.com/products/150100000399/150100000399_01.png?1729217368477, https://images-kr.amoremall.com/products/150100000399/150100000399_02.png?1729217368477, https://images-kr.amoremall.com/products/150100000399/150100000399_03.png?1729217368477, https://images-kr.amoremall.com/products/150100000399/150100000399_04.png?1729217368477, https://images-kr.amoremall.com/products/150100000399/150100000399_05.png?1729217368477, https://images-kr.amoremall.com/products/150100000399/150100000399_06.png?1729217368477, https://images-kr.amoremall.com/products/150100000399/150100000399_07.png?1729217368477, https://images-kr.amoremall.com/products/150100000399/150100000399_08.png?1729217368477, https://images-kr.amoremall.com/products/150100000399/150100000399_09.png?1729217368477",https://www.amoremall.com/kr/ko/product/detail?onlineProdSn=62898&onlineProdCode=150100000399,2025-12-03 14:45:28
에스트라,아토베리어365 세라-히알 속수분 앰플 30ml,4.84,1542,"₩33,000",15%,"₩28,050",N/A,N/A,"https://images-kr.amoremall.com/products/1758268150170/150100000398/150100000398_00.png?1758268151435, https://images-kr.amoremall.com/products/150100000398/150100000398_01.png?1732492230448, https://images-kr.amoremall.com/products/150100000398/150100000398_03.png?1730680617031, https://images-kr.amoremall.com/products/150100000398/150100000398_04.png?1730680617031, https://images-kr.amoremall.com/products/150100000398/150100000398_05.png?1730680617031, https://images-kr.amoremall.com/products/150100000398/150100000398_06.png?1730680617031, https://images-kr.amoremall.com/products/150100000398/150100000398_07.png?1730680617031, https://images-kr.amoremall.com/products/150100000398/150100000398_08.png?1730680617031, https://images-kr.amoremall.com/products/150100000398/150100000398_09.png?1730680617031, https://images-kr.amoremall.com/products/150100000398/150100000398_10.png?1730680617031",https://www.amoremall.com/kr/ko/product/detail?onlineProdSn=62897&onlineProdCode=150100000398,2025-12-03 14:45:36
에스트라,[듀오] 아토베리어365 크림 80ml+리제덤365 모공탄력 캡슐세럼 30ml,4.95,42,"₩81,000",20%,"₩64,800",N/A,N/A,"https://images-kr.amoremall.com/products/1762303231770/150100000373/150100000373_00.png?1762303233038, https://images-kr.amoremall.com/products/150100000373/150100000373_01.png?1762303188821, https://images-kr.amoremall.com/products/150100000373/150100000373_02.png?1724372729315, https://images-kr.amoremall.com/products/150100000373/150100000373_03.png?1724372729315, https://images-kr.amoremall.com/products/150100000373/150100000373_04.png?1724372729315, https://images-kr.amoremall.com/products/150100000373/150100000373_05.png?1724372729315, https://images-kr.amoremall.com/products/150100000373/150100000373_06.png?1724372729315, https://images-kr.amoremall.com/products/150100000373/150100000373_07.jpg?1724372729315, https://images-kr.amoremall.com/products/150100000373/150100000373_08.jpg?1724372729315, https://images-kr.amoremall.com/products/150100000373/150100000373_09.jpg?1724372729315",https://www.amoremall.com/kr/ko/product/detail?onlineProdSn=62518&onlineProdCode=150100000373,2025-12-03 14:46:01
에스트라,(택1)아토베리어365 크림 80ml  or 로션150ml,4.89,6044,"₩33,000",15%,"₩28,050",N/A,N/A,"https://images-kr.amoremall.com/products/1763512398394/150100000192/150100000192_00.png?1763512399798, https://images-kr.amoremall.com/products/150100000192/150100000192_01.png?1762242201106, https://images-kr.amoremall.com/products/150100000192/150100000192_02.jpg?1728626512790, https://images-kr.amoremall.com/products/150100000192/150100000192_03.png?1728626512790, https://images-kr.amoremall.com/products/150100000192/150100000192_04.png?1728626512790, https://images-kr.amoremall.com/products/150100000192/150100000192_05.png?1728626512790, https://images-kr.amoremall.com/products/150100000192/150100000192_06.jpg?1728626512790, https://images-kr.amoremall.com/products/150100000192/150100000192_07.png?1728626568298, https://images-kr.amoremall.com/products/150100000192/150100000192_08.jpg?1728626568298, https://images-kr.amoremall.com/products/150100000192/150100000192_09.jpg?1728626568298",https://www.amoremall.com/kr/ko/product/detail?onlineProdSn=58233&onlineProdCode=150100000192,2025-12-03 14:46:48
에스트라,아토베리어365 크림 80ml,4.89,283,"₩33,000",15%,"₩28,050",N/A,N/A,"https://images-kr.amoremall.com/products/1763512310367/150100000305/150100000305_00.png?1763512311645, https://images-kr.amoremall.com/products/150100000305/150100000305_01.png?1708057299088, https://images-kr.amoremall.com/products/150100000305/150100000305_02.png?1708057299088, https://images-kr.amoremall.com/products/150100000305/150100000305_03.png?1708057299088, https://images-kr.amoremall.com/products/150100000305/150100000305_04.png?1708057299088, https://images-kr.amoremall.com/products/150100000305/150100000305_05.png?1708057299088, https://images-kr.amoremall.com/products/150100000305/150100000305_06.png?1708057299088, https://images-kr.amoremall.com/products/150100000305/150100000305_07.png?1762241505274",https://www.amoremall.com/kr/ko/product/detail?onlineProdSn=60892&onlineProdCode=150100000305,2025-12-03 14:46:55
에스트라,아토베리어365크림미스트 120ml,4.85,1918,"₩23,000",15%,"₩19,550",N/A,N/A,"https://images-kr.amoremall.com/products/1761704494516/150100000244/150100000244_00.png?1761704495710, https://images-kr.amoremall.com/products/150100000244/150100000244_01.jpg?1694074729559, https://images-kr.amoremall.com/products/150100000244/150100000244_02.jpg?1694074729559, https://images-kr.amoremall.com/products/150100000244/150100000244_03.jpg?1694074729559, https://images-kr.amoremall.com/products/150100000244/150100000244_04.png?1694074729559",https://www.amoremall.com/kr/ko/product/detail?onlineProdSn=59609&onlineProdCode=150100000244,2025-12-03 14:47:01
에스트라,NEW 테라크네365 나이아신아마이드5% 흔적 바디 미스트 200ml,4.78,409,"₩28,000",15%,"₩23,800",N/A,N/A,"https://images-kr.amoremall.com/products/1763617765739/150100000485/150100000485_00.png?1763617767112, https://images-kr.amoremall.com/products/150100000485/150100000485_01.png?1745995334412, https://images-kr.amoremall.com/products/150100000485/150100000485_02.png?1745995334412, https://images-kr.amoremall.com/products/150100000485/150100000485_03.png?1745995334412, https://images-kr.amoremall.com/products/150100000485/150100000485_04.png?1745995334412, https://images-kr.amoremall.com/products/150100000485/150100000485_05.png?1745995334412",https://www.amoremall.com/kr/ko/product/detail?onlineProdSn=64895&onlineProdCode=150100000485,2025-12-03 14:47:06
에스트라,아토베리어365 바디로션 400ml,4.85,2332,"₩33,000",15%,"₩28,050",N/A,N/A,"https://images-kr.amoremall.com/products/1758268214348/150100000062/150100000062_00.png?1758268215473, https://images-kr.amoremall.com/products/150100000062/150100000062_01.png?1718285915774, https://images-kr.amoremall.com/products/150100000062/150100000062_02.png?1694392660098, https://images-kr.amoremall.com/products/150100000062/150100000062_03.png?1694392701968",https://www.amoremall.com/kr/ko/product/detail?onlineProdSn=50201&onlineProdCode=150100000062,2025-12-03 14:47:13
에스트라,아토베리어365 버블클렌저 150ml,4.85,2190,"₩20,000",15%,"₩17,000",N/A,N/A,"https://images-kr.amoremall.com/products/1736901120013/150100000039/150100000039_00.png?1736901121363, https://images-kr.amoremall.com/products/150100000039/150100000039_01.jpg?1694392000763, https://images-kr.amoremall.com/products/150100000039/150100000039_02.jpg?1694392000763, https://images-kr.amoremall.com/products/150100000039/150100000039_03.jpg?1694392000763",https://www.amoremall.com/kr/ko/product/detail?onlineProdSn=48426&onlineProdCode=150100000039,2025-12-03 14:47:20
에스트라,아토베리어365 하이드로 에센스 200ml,4.86,2824,"₩32,000",15%,"₩27,200",N/A,N/A,"https://images-kr.amoremall.com/products/1741310135751/150100000040/150100000040_00.png?1741310137426, https://images-kr.amoremall.com/products/150100000040/150100000040_01.png?1714360485075, https://images-kr.amoremall.com/products/150100000040/150100000040_03.jpg?1703643961307, https://images-kr.amoremall.com/products/150100000040/150100000040_04.jpg?1703643908505, https://images-kr.amoremall.com/products/150100000040/150100000040_05.jpg?1703643908505, https://images-kr.amoremall.com/products/150100000040/150100000040_06.jpg?1703643961307",https://www.amoremall.com/kr/ko/product/detail?onlineProdSn=48427&onlineProdCode=150100000040,2025-12-03 14:47:32
에스트라,아토베리어365 로션 150ml,4.83,2675,"₩33,000",15%,"₩28,050",N/A,N/A,"https://images-kr.amoremall.com/products/1763512445018/150100000015/150100000015_00.png?1763512446051, https://images-kr.amoremall.com/products/150100000015/150100000015_01.png?1762242512089, https://images-kr.amoremall.com/products/150100000015/150100000015_02.jpg?1704328601884, https://images-kr.amoremall.com/products/150100000015/150100000015_03.png?1704328601884, https://images-kr.amoremall.com/products/150100000015/150100000015_04.jpg?1704328601884, https://images-kr.amoremall.com/products/150100000015/150100000015_05.jpg?1704328601884, https://images-kr.amoremall.com/products/150100000015/150100000015_06.jpg?1704328601884",https://www.amoremall.com/kr/ko/product/detail?onlineProdSn=21745&onlineProdCode=150100000015,2025-12-03 14:47:52
에스트라,더마UV365 무기자차 선크림 or 톤업 선크림 or 비타C광채 수분 선크림 SPF 50+/ PA++++(택1) 40ml,4.84,1248,"₩31,000",15%,"₩26,350",N/A,N/A,"https://images-kr.amoremall.com/products/1759297047937/150100000175/150100000175_00.png?1759297048745, https://images-kr.amoremall.com/products/150100000175/150100000175_01.png?1759297052957, https://images-kr.amoremall.com/products/150100000175/150100000175_02.jpg?1691543362365, https://images-kr.amoremall.com/products/150100000175/150100000175_03.jpg?1691543362365, https://images-kr.amoremall.com/products/150100000175/150100000175_04.jpg?1691543362365, https://images-kr.amoremall.com/products/150100000175/150100000175_05.jpg?1759292404817, https://images-kr.amoremall.com/products/150100000175/150100000175_06.jpg?1759292404817, https://images-kr.amoremall.com/products/150100000175/150100000175_07.jpg?1759292404817, https://images-kr.amoremall.com/products/150100000175/150100000175_08.png?1759292404817, https://images-kr.amoremall.com/products/150100000175/150100000175_09.png?1759292404817",https://www.amoremall.com/kr/ko/product/detail?onlineProdSn=57227&onlineProdCode=150100000175,2025-12-03 14:47:59
에스트라,테라크네365 클리어 딥 클렌징 폼 200g,4.85,999,"₩23,000",15%,"₩19,550",N/A,N/A,"https://images-kr.amoremall.com/products/1763617857074/150100000048/150100000048_00.png?1763617858317, https://images-kr.amoremall.com/products/150100000048/150100000048_01.png?1683508471735",https://www.amoremall.com/kr/ko/product/detail?onlineProdSn=48589&onlineProdCode=150100000048,2025-12-03 14:48:04
에스트라,[리뉴얼]에이시카365 흔적진정세럼pH4.5 40ml,4.84,711,"₩38,000",15%,"₩32,300",N/A,N/A,"https://images-kr.amoremall.com/products/1751868156283/150100000446/150100000446_00.png?1751868157576, https://images-kr.amoremall.com/products/150100000446/150100000446_01.png?1740104381217, https://images-kr.amoremall.com/products/150100000446/150100000446_02.png?1740104381217, https://images-kr.amoremall.com/products/150100000446/150100000446_03.png?1740104381217, https://images-kr.amoremall.com/products/150100000446/150100000446_04.png?1740104381217, https://images-kr.amoremall.com/products/150100000446/150100000446_05.png?1740104381217, https://images-kr.amoremall.com/products/150100000446/150100000446_06.png?1740104381217",https://www.amoremall.com/kr/ko/product/detail?onlineProdSn=63996&onlineProdCode=150100000446,2025-12-03 14:48:09
에스트라,아토베리어 365 하이드로 수딩크림 60ml,4.83,1035,"₩33,000",15%,"₩28,050",N/A,N/A,"https://images-kr.amoremall.com/products/1758268331801/150100000054/150100000054_00.png?1758268333069, https://images-kr.amoremall.com/products/150100000054/150100000054_01.jpg?1753147162370, https://images-kr.amoremall.com/products/150100000054/150100000054_02.jpg?1691366261314, https://images-kr.amoremall.com/products/150100000054/150100000054_03.jpg?1691365838974, https://images-kr.amoremall.com/products/150100000054/150100000054_04.jpg?1691366476060, https://images-kr.amoremall.com/products/150100000054/150100000054_05.png?1753147162370",https://www.amoremall.com/kr/ko/product/detail?onlineProdSn=50007&onlineProdCode=150100000054,2025-12-03 14:48:15
에스트라,리제덤365 모공탄력 캡슐세럼 30ml,4.78,1346,"₩48,000",15%,"₩40,800",N/A,N/A,"https://images-kr.amoremall.com/products/1736901213629/150100000229/150100000229_00.png?1736901214826, https://images-kr.amoremall.com/products/150100000229/150100000229_01.png?1700620863674, https://images-kr.amoremall.com/products/150100000229/150100000229_02.jpg?1694410690488, https://images-kr.amoremall.com/products/150100000229/150100000229_03.jpg?1694410690488, https://images-kr.amoremall.com/products/150100000229/150100000229_04.jpg?1694410690488",https://www.amoremall.com/kr/ko/product/detail?onlineProdSn=59197&onlineProdCode=150100000229,2025-12-03 14:48:22
에스트라,아토베리어365 바디크림 250ml,4.87,860,"₩30,000",15%,"₩25,500",N/A,N/A,"https://images-kr.amoremall.com/products/1758268288182/150100000061/150100000061_00.png?1758268289473, https://images-kr.amoremall.com/products/150100000061/150100000061_01.png?1697181840980, https://images-kr.amoremall.com/products/150100000061/150100000061_02.png?1697181840980, https://images-kr.amoremall.com/products/150100000061/150100000061_03.png?1697181840980, https://images-kr.amoremall.com/products/150100000061/150100000061_04.png?1697181840980",https://www.amoremall.com/kr/ko/product/detail?onlineProdSn=50199&onlineProdCode=150100000061,2025-12-03 14:48:28
에스트라,[리뉴얼]에이시카 365 수분토너pH4.5 200ml,4.87,507,"₩28,000",15%,"₩23,800",N/A,N/A,"https://images-kr.amoremall.com/products/1740104542011/150100000447/150100000447_00.png?1740104542966, https://images-kr.amoremall.com/products/150100000447/150100000447_01.png?1740104536635, https://images-kr.amoremall.com/products/150100000447/150100000447_02.png?1740104536635, https://images-kr.amoremall.com/products/150100000447/150100000447_03.png?1740104536635, https://images-kr.amoremall.com/products/150100000447/150100000447_04.png?1740104536635, https://images-kr.amoremall.com/products/150100000447/150100000447_05.png?1740104536635",https://www.amoremall.com/kr/ko/product/detail?onlineProdSn=63997&onlineProdCode=150100000447,2025-12-03 14:48:36
에스트라,테라크네365 수딩 액티브 모이스처라이저 60ml,4.85,602,"₩33,000",15%,"₩28,050",N/A,N/A,"https://images-kr.amoremall.com/products/1738659581741/150100000179/150100000179_00.png?1738659582719, https://images-kr.amoremall.com/products/150100000179/150100000179_01.png?1738659541374, https://images-kr.amoremall.com/products/150100000179/150100000179_02.png?1738659541374, https://images-kr.amoremall.com/products/150100000179/150100000179_03.jpg?1679026755148",https://www.amoremall.com/kr/ko/product/detail?onlineProdSn=57282&onlineProdCode=150100000179,2025-12-03 14:48:43
