[
  {
    "브랜드": "아모레베이직",
    "상품명": "토너 아껴주는 1/2 스킨팩 화장솜 400매",
    "별점": 4.71,
    "리뷰 개수": 2768,
    "원가": "₩10,500",
    "할인율": "20%",
    "판매가": "₩8,400",
    "피부타입별 구매비율": "N/A",
    "연령대별 구매비율": "N/A",
    "상품상세 이미지": "https://images-kr.amoremall.com/products/181030000002/181030000002_01.jpg?1692592992861, https://images-kr.amoremall.com/products/181030000002/181030000002_02.png?1692346786231, https://images-kr.amoremall.com/products/181030000002/181030000002_03.jpg?1692346957739, https://images-kr.amoremall.com/products/181030000002/181030000002_04.jpg?1692346957739, https://images-kr.amoremall.com/products/181030000002/181030000002_05.jpg?1692346957739",
    "상품 URL": "https://www.amoremall.com/kr/ko/product/detail?onlineProdSn=59330&onlineProdCode=181030000002",
    "크롤링 시간": "2025-12-03 13:59:54"
  },
  {
    "브랜드": "아모레베이직",
    "상품명": "듀얼 코튼 면봉 150매",
    "별점": 4.84,
    "리뷰 개수": 4459,
    "원가": "₩3,000",
    "할인율": "20%",
    "판매가": "₩2,400",
    "피부타입별 구매비율": "N/A",
    "연령대별 구매비율": "N/A",
    "상품상세 이미지": "https://images-kr.amoremall.com/products/181030000004/181030000004_01.jpg?1692593072468, https://images-kr.amoremall.com/products/181030000004/181030000004_02.png?1692347834185, https://images-kr.amoremall.com/products/181030000004/181030000004_03.jpg?1692347867621, https://images-kr.amoremall.com/products/181030000004/181030000004_04.jpg?1692347867621",
    "상품 URL": "https://www.amoremall.com/kr/ko/product/detail?onlineProdSn=59332&onlineProdCode=181030000004",
    "크롤링 시간": "2025-12-03 14:00:04"
  },
  {
    "브랜드": "아모레베이직",
    "상품명": "프리티 눈썹칼 2입",
    "별점": 4.81,
    "리뷰 개수": 1145,
    "원가": "₩3,500",
    "할인율": "10%",
    "판매가": "₩3,150",
    "피부타입별 구매비율": "N/A",
    "연령대별 구매비율": "N/A",
    "상품상세 이미지": "https://images-kr.amoremall.com/products/181030000037/181030000037_01.png?1740466559563, https://images-kr.amoremall.com/products/181030000037/181030000037_02.png?1740466559563, https://images-kr.amoremall.com/products/181030000037/181030000037_03.png?1740466559563, https://images-kr.amoremall.com/products/181030000037/181030000037_04.png?1740466559563, https://images-kr.amoremall.com/products/181030000037/181030000037_05.png?1740466559563",
    "상품 URL": "https://www.amoremall.com/kr/ko/product/detail?onlineProdSn=64179&onlineProdCode=181030000037",
    "크롤링 시간": "2025-12-03 14:00:11"
  },
  {
    "브랜드": "아모레베이직",
    "상품명": "프로페셔널 아티스트 브러쉬 8종 키트",
    "별점": 4.75,
    "리뷰 개수": 16,
    "원가": "₩80,000",
    "할인율": "20%",
    "판매가": "₩64,000",
    "피부타입별 구매비율": "N/A",
    "연령대별 구매비율": "N/A",
    "상품상세 이미지": "https://images-kr.amoremall.com/products/181030000049/181030000049_01.jpg?1763682032988, https://images-kr.amoremall.com/products/181030000049/181030000049_02.jpg?1763682032988, https://images-kr.amoremall.com/products/181030000049/181030000049_03.jpg?1763682032988, https://images-kr.amoremall.com/products/181030000049/181030000049_04.jpg?1763682032988, https://images-kr.amoremall.com/products/181030000049/181030000049_05.jpg?1763682032988, https://images-kr.amoremall.com/products/181030000049/181030000049_06.jpg?1763682032988, https://images-kr.amoremall.com/products/181030000049/181030000049_07.png?1763682032988",
    "상품 URL": "https://www.amoremall.com/kr/ko/product/detail?onlineProdSn=67491&onlineProdCode=181030000049",
    "크롤링 시간": "2025-12-03 14:00:16"
  },
  {
    "브랜드": "아모레베이직",
    "상품명": "물광 메이크업 씨앗 스펀지 2ea",
    "별점": 4.79,
    "리뷰 개수": 3620,
    "원가": "₩4,500",
    "할인율": "20%",
    "판매가": "₩3,600",
    "피부타입별 구매비율": "N/A",
    "연령대별 구매비율": "N/A",
    "상품상세 이미지": "https://images-kr.amoremall.com/products/181030000006/181030000006_01.jpg?1723797056385, https://images-kr.amoremall.com/products/181030000006/181030000006_02.png?1692348177241, https://images-kr.amoremall.com/products/181030000006/181030000006_03.jpg?1692348177241, https://images-kr.amoremall.com/products/181030000006/181030000006_04.jpg?1692348231472, https://images-kr.amoremall.com/products/181030000006/181030000006_05.jpg?1692348231472",
    "상품 URL": "https://www.amoremall.com/kr/ko/product/detail?onlineProdSn=59334&onlineProdCode=181030000006",
    "크롤링 시간": "2025-12-03 14:00:23"
  },
  {
    "브랜드": "아모레베이직",
    "상품명": "순면 5겹 화장솜 50매 / 120매",
    "별점": 4.82,
    "리뷰 개수": 3270,
    "원가": "₩2,700",
    "할인율": "4%",
    "판매가": "₩2,570",
    "피부타입별 구매비율": "N/A",
    "연령대별 구매비율": "N/A",
    "상품상세 이미지": "https://images-kr.amoremall.com/products/181030000003/181030000003_01.jpg?1692593033787, https://images-kr.amoremall.com/products/181030000003/181030000003_02.png?1764304302752, https://images-kr.amoremall.com/products/181030000003/181030000003_03.png?1764236721289, https://images-kr.amoremall.com/products/181030000003/181030000003_04.jpg?1764236721289, https://images-kr.amoremall.com/products/181030000003/181030000003_05.jpg?1764236755782, https://images-kr.amoremall.com/products/181030000003/181030000003_06.jpg?1764236721289",
    "상품 URL": "https://www.amoremall.com/kr/ko/product/detail?onlineProdSn=59331&onlineProdCode=181030000003",
    "크롤링 시간": "2025-12-03 14:00:34"
  },
  {
    "브랜드": "아모레베이직",
    "상품명": "아모레베이직 미피 솔리드 퍼퓸 2종+실리콘키링",
    "별점": 4.62,
    "리뷰 개수": 253,
    "원가": "₩20,000",
    "할인율": "0%",
    "판매가": "₩20,000",
    "피부타입별 구매비율": "N/A",
    "연령대별 구매비율": "N/A",
    "상품상세 이미지": "https://images-kr.amoremall.com/products/181030000048/181030000048_01.jpg?1762415731202, https://images-kr.amoremall.com/products/181030000048/181030000048_02.jpg?1762415731202, https://images-kr.amoremall.com/products/181030000048/181030000048_03.jpg?1762415731202, https://images-kr.amoremall.com/products/181030000048/181030000048_04.jpg?1762415731202, https://images-kr.amoremall.com/products/181030000048/181030000048_05.jpg?1762415731202, https://images-kr.amoremall.com/products/181030000048/181030000048_06.jpg?1762415731202, https://images-kr.amoremall.com/products/181030000048/181030000048_07.jpg?1762415731202, https://images-kr.amoremall.com/products/181030000048/181030000048_08.jpg?1762415731202, https://images-kr.amoremall.com/products/181030000048/181030000048_09.jpg?1762415731202, https://images-kr.amoremall.com/products/181030000048/181030000048_10.jpg?1762415731202",
    "상품 URL": "https://www.amoremall.com/kr/ko/product/detail?onlineProdSn=67368&onlineProdCode=181030000048",
    "크롤링 시간": "2025-12-03 14:01:08"
  },
  {
    "브랜드": "아모레베이직",
    "상품명": "그린티 오일 컨트롤 페이퍼 70매",
    "별점": 4.85,
    "리뷰 개수": 876,
    "원가": "₩3,500",
    "할인율": "10%",
    "판매가": "₩3,150",
    "피부타입별 구매비율": "N/A",
    "연령대별 구매비율": "N/A",
    "상품상세 이미지": "https://images-kr.amoremall.com/products/181030000038/181030000038_01.jpg?1741165781323, https://images-kr.amoremall.com/products/181030000038/181030000038_02.png?1740466668531, https://images-kr.amoremall.com/products/181030000038/181030000038_03.png?1740466668531, https://images-kr.amoremall.com/products/181030000038/181030000038_04.png?1740466668531, https://images-kr.amoremall.com/products/181030000038/181030000038_05.png?1740466668531",
    "상품 URL": "https://www.amoremall.com/kr/ko/product/detail?onlineProdSn=64180&onlineProdCode=181030000038",
    "크롤링 시간": "2025-12-03 14:01:23"
  },
  {
    "브랜드": "아모레베이직",
    "상품명": "컴팩트 아이래쉬 컬러",
    "별점": 4.71,
    "리뷰 개수": 227,
    "원가": "₩8,500",
    "할인율": "20%",
    "판매가": "₩6,800",
    "피부타입별 구매비율": "N/A",
    "연령대별 구매비율": "N/A",
    "상품상세 이미지": "https://images-kr.amoremall.com/products/181030000035/181030000035_01.jpg?1741165112799, https://images-kr.amoremall.com/products/181030000035/181030000035_02.jpg?1741165521606, https://images-kr.amoremall.com/products/181030000035/181030000035_03.jpg?1741165521606, https://images-kr.amoremall.com/products/181030000035/181030000035_04.png?1740466310462, https://images-kr.amoremall.com/products/181030000035/181030000035_05.png?1740466310462, https://images-kr.amoremall.com/products/181030000035/181030000035_06.png?1740466310462",
    "상품 URL": "https://www.amoremall.com/kr/ko/product/detail?onlineProdSn=64177&onlineProdCode=181030000035",
    "크롤링 시간": "2025-12-03 14:01:42"
  },
  {
    "브랜드": "아모레베이직",
    "상품명": "데일리 메이크업 조각 스펀지 20ea / 60ea",
    "별점": 4.74,
    "리뷰 개수": 2465,
    "원가": "₩3,300",
    "할인율": "4%",
    "판매가": "₩3,140",
    "피부타입별 구매비율": "N/A",
    "연령대별 구매비율": "N/A",
    "상품상세 이미지": "https://images-kr.amoremall.com/products/181030000005/181030000005_01.png?1764235553368, https://images-kr.amoremall.com/products/181030000005/181030000005_02.png?1764235553368, https://images-kr.amoremall.com/products/181030000005/181030000005_03.png?1764235574349, https://images-kr.amoremall.com/products/181030000005/181030000005_04.jpg?1764235574349, https://images-kr.amoremall.com/products/181030000005/181030000005_05.jpg?1764235574349",
    "상품 URL": "https://www.amoremall.com/kr/ko/product/detail?onlineProdSn=59333&onlineProdCode=181030000005",
    "크롤링 시간": "2025-12-03 14:01:56"
  },
  {
    "브랜드": "아모레베이직",
    "상품명": "애프터 마스카라 히팅 속눈썹 고데기 (건전지 별도 구매)",
    "별점": 4.22,
    "리뷰 개수": 313,
    "원가": "₩28,000",
    "할인율": "30%",
    "판매가": "₩19,600",
    "피부타입별 구매비율": "N/A",
    "연령대별 구매비율": "N/A",
    "상품상세 이미지": "https://images-kr.amoremall.com/products/181030000036/181030000036_01.png?1740466412308, https://images-kr.amoremall.com/products/181030000036/181030000036_02.png?1740466412308, https://images-kr.amoremall.com/products/181030000036/181030000036_03.png?1740466412308, https://images-kr.amoremall.com/products/181030000036/181030000036_04.png?1740466412308, https://images-kr.amoremall.com/products/181030000036/181030000036_05.png?1740466412308",
    "상품 URL": "https://www.amoremall.com/kr/ko/product/detail?onlineProdSn=64178&onlineProdCode=181030000036",
    "크롤링 시간": "2025-12-03 14:02:04"
  },
  {
    "브랜드": "아모레베이직",
    "상품명": "아모레베이직 X 벤자민무어 더 에센셜 세라믹 바디 괄사",
    "별점": 4.81,
    "리뷰 개수": 223,
    "원가": "₩25,000",
    "할인율": "20%",
    "판매가": "₩20,000",
    "피부타입별 구매비율": "N/A",
    "연령대별 구매비율": "N/A",
    "상품상세 이미지": "https://images-kr.amoremall.com/products/181030000046/181030000046_01.png?1752802207694, https://images-kr.amoremall.com/products/181030000046/181030000046_02.png?1752802207694, https://images-kr.amoremall.com/products/181030000046/181030000046_03.png?1752802207694, https://images-kr.amoremall.com/products/181030000046/181030000046_04.png?1752802207694, https://images-kr.amoremall.com/products/181030000046/181030000046_05.png?1752802207694, https://images-kr.amoremall.com/products/181030000046/181030000046_06.png?1752802207694, https://images-kr.amoremall.com/products/181030000046/181030000046_07.png?1752802207694",
    "상품 URL": "https://www.amoremall.com/kr/ko/product/detail?onlineProdSn=66208&onlineProdCode=181030000046",
    "크롤링 시간": "2025-12-03 14:02:11"
  },
  {
    "브랜드": "아모레베이직",
    "상품명": "소프트 엠보싱 원형 화장솜 100매",
    "별점": 4.75,
    "리뷰 개수": 3030,
    "원가": "₩5,500",
    "할인율": "0%",
    "판매가": "₩5,500",
    "피부타입별 구매비율": "N/A",
    "연령대별 구매비율": "N/A",
    "상품상세 이미지": "https://images-kr.amoremall.com/products/181030000001/181030000001_01.jpg?1692592952811, https://images-kr.amoremall.com/products/181030000001/181030000001_02.png?1692346577585, https://images-kr.amoremall.com/products/181030000001/181030000001_03.jpg?1692346577585",
    "상품 URL": "https://www.amoremall.com/kr/ko/product/detail?onlineProdSn=59329&onlineProdCode=181030000001",
    "크롤링 시간": "2025-12-03 14:02:35"
  },
  {
    "브랜드": "아모레베이직",
    "상품명": "아모레베이직 X 벤자민무어 더 에센셜 배쓰밤 2입세트",
    "별점": 4.8,
    "리뷰 개수": 89,
    "원가": "₩15,000",
    "할인율": "20%",
    "판매가": "₩12,000",
    "피부타입별 구매비율": "N/A",
    "연령대별 구매비율": "N/A",
    "상품상세 이미지": "https://images-kr.amoremall.com/products/181030000045/181030000045_01.png?1753676338391, https://images-kr.amoremall.com/products/181030000045/181030000045_02.png?1753676338391, https://images-kr.amoremall.com/products/181030000045/181030000045_03.gif?1753676338391, https://images-kr.amoremall.com/products/181030000045/181030000045_04.png?1753676338391, https://images-kr.amoremall.com/products/181030000045/181030000045_05.png?1753676338391, https://images-kr.amoremall.com/products/181030000045/181030000045_06.png?1753676338391",
    "상품 URL": "https://www.amoremall.com/kr/ko/product/detail?onlineProdSn=66122&onlineProdCode=181030000045",
    "크롤링 시간": "2025-12-03 14:02:42"
  },
  {
    "브랜드": "아모레베이직",
    "상품명": "토너 아껴주는 1/2 스킨팩 화장솜 트리플세트 (400매 x 3)",
    "별점": 0,
    "리뷰 개수": 0,
    "원가": "₩31,500",
    "할인율": "25%",
    "판매가": "₩23,620",
    "피부타입별 구매비율": "N/A",
    "연령대별 구매비율": "N/A",
    "상품상세 이미지": "https://images-kr.amoremall.com/products/181030000055/181030000055_01.jpg?1764143721482, https://images-kr.amoremall.com/products/181030000055/181030000055_02.png?1764142911265, https://images-kr.amoremall.com/products/181030000055/181030000055_03.jpg?1764142911265, https://images-kr.amoremall.com/products/181030000055/181030000055_04.jpg?1764142911265, https://images-kr.amoremall.com/products/181030000055/181030000055_05.jpg?1764142911265",
    "상품 URL": "https://www.amoremall.com/kr/ko/product/detail?onlineProdSn=67714&onlineProdCode=181030000055",
    "크롤링 시간": "2025-12-03 14:02:49"
  },
  {
    "브랜드": "아모레베이직",
    "상품명": "여행준비 뷰티툴 3종 세트 (1/2 스킨팩 화장솜+오일 페이퍼+컴팩트 아이래쉬)",
    "별점": 0,
    "리뷰 개수": 0,
    "원가": "₩22,500",
    "할인율": "25%",
    "판매가": "₩16,870",
    "피부타입별 구매비율": "N/A",
    "연령대별 구매비율": "N/A",
    "상품상세 이미지": "https://images-kr.amoremall.com/products/1764207994125/181030000050/181030000050_00.png?1764207995386, https://images-kr.amoremall.com/products/181030000050/181030000050_01.png?1763950583804, https://images-kr.amoremall.com/products/181030000050/181030000050_02.jpg?1763950615625, https://images-kr.amoremall.com/products/181030000050/181030000050_03.png?1763950615625, https://images-kr.amoremall.com/products/181030000050/181030000050_04.png?1763950615625",
    "상품 URL": "https://www.amoremall.com/kr/ko/product/detail?onlineProdSn=67598&onlineProdCode=181030000050",
    "크롤링 시간": "2025-12-03 14:02:59"
  }
]