﻿브랜드,상품명,별점,리뷰 개수,원가,할인율,판매가,피부타입별 구매비율,연령대별 구매비율,상품상세 이미지,상품 URL,크롤링 시간
아모레퍼시픽,트리트먼트 엔자임 클렌징 폼 120g,4.81,1602,"₩42,000",10%,"₩37,800",N/A,N/A,"https://images-kr.amoremall.com/products/111380000087/111380000087_01.png?1611885869955, https://images-kr.amoremall.com/products/111380000087/111380000087_02.jpg?1611885869955, https://images-kr.amoremall.com/products/111380000087/111380000087_03.jpg?1611885869955, https://images-kr.amoremall.com/products/111380000087/111380000087_04.jpg?1611885869955, https://images-kr.amoremall.com/products/111380000087/111380000087_05.jpg?1611885869955",https://www.amoremall.com/kr/ko/product/detail?onlineProdSn=19565&onlineProdCode=111380000087,2025-12-03 14:08:33
아모레퍼시픽,모이스춰 플럼핑 넥타 크림 50ml,4.83,337,"₩150,000",10%,"₩135,000",N/A,N/A,https://images-kr.amoremall.com/products/111380000011/111380000011_01.png?1614734170241,https://www.amoremall.com/kr/ko/product/detail?onlineProdSn=14973&onlineProdCode=111380000011,2025-12-03 14:08:42
아모레퍼시픽,타임 레스폰스 스킨 리뉴얼 미스트 200ml,4.88,103,"₩120,000",10%,"₩108,000",N/A,N/A,"https://images-kr.amoremall.com/products/111380000060/111380000060_01.png?1614816274299, https://images-kr.amoremall.com/products/111380000060/IMG1490AzU917504705.jpg",https://www.amoremall.com/kr/ko/product/detail?onlineProdSn=19019&onlineProdCode=111380000060,2025-12-03 14:08:49
아모레퍼시픽,보태니컬 하이드레이팅 플루이드 160ml,4.85,213,"₩80,000",10%,"₩72,000",N/A,N/A,https://images-kr.amoremall.com/products/111380000220/111380000220_01.png?1616566752278,https://www.amoremall.com/kr/ko/product/detail?onlineProdSn=32261&onlineProdCode=111380000220,2025-12-03 14:08:56
아모레퍼시픽,타임 레스폰스 스킨 리저브 플루이드 160ml,4.82,151,"₩220,000",10%,"₩198,000",N/A,N/A,"https://images-kr.amoremall.com/products/111380000074/111380000074_01.png?1632701415277, https://images-kr.amoremall.com/products/111380000074/111380000074_02.png?1555377440057",https://www.amoremall.com/kr/ko/product/detail?onlineProdSn=18844&onlineProdCode=111380000074,2025-12-03 14:09:02
아모레퍼시픽,타임 레스폰스 스킨 리저브 토너 200ml,4.81,101,"₩200,000",10%,"₩180,000",N/A,N/A,"https://images-kr.amoremall.com/products/111380000093/111380000093_01.png?1632701415277, https://images-kr.amoremall.com/products/111380000093/111380000093_02.png?1555377440057",https://www.amoremall.com/kr/ko/product/detail?onlineProdSn=16855&onlineProdCode=111380000093,2025-12-03 14:09:08
아모레퍼시픽,보태니컬 수딩 토너 200ml,4.86,192,"₩90,000",10%,"₩81,000",N/A,N/A,https://images-kr.amoremall.com/products/111380000219/111380000219_01.png?1617759600861,https://www.amoremall.com/kr/ko/product/detail?onlineProdSn=32260&onlineProdCode=111380000219,2025-12-03 14:09:17