﻿브랜드,상품명,별점,리뷰 개수,원가,할인율,판매가,피부타입별 구매비율,연령대별 구매비율,상품상세 이미지,상품 URL,크롤링 시간
아모스 프로페셔널,컬링 에센스 2X 150ml,4.84,132,"₩17,000",0%,"₩17,000",N/A,N/A,https://images-kr.amoremall.com/products/004051000011/004051000011_01.jpg?1740375085445,https://www.amoremall.com/kr/ko/product/detail?onlineProdSn=64139&onlineProdCode=004051000011,2025-12-03 14:15:52
아모스 프로페셔널,녹차실감 샴푸 지성 두피용 500g,4.81,116,"₩36,000",0%,"₩36,000",N/A,N/A,https://images-kr.amoremall.com/products/004051000001/004051000001_01.jpg?1740370112514,https://www.amoremall.com/kr/ko/product/detail?onlineProdSn=64110&onlineProdCode=004051000001,2025-12-03 14:16:04
아모스 프로페셔널,퓨어스마트 샴푸 프레시 500g,4.86,125,"₩25,000",0%,"₩25,000",N/A,N/A,https://images-kr.amoremall.com/products/004051000008/004051000008_01.jpg?1740374639351,https://www.amoremall.com/kr/ko/product/detail?onlineProdSn=64136&onlineProdCode=004051000008,2025-12-03 14:16:11
아모스 프로페셔널,컬링 에센스 2X 피치 블라썸 150ml,4.86,36,"₩17,000",0%,"₩17,000",N/A,N/A,https://images-kr.amoremall.com/products/004051000012/004051000012_01.jpg?1740375317318,https://www.amoremall.com/kr/ko/product/detail?onlineProdSn=64141&onlineProdCode=004051000012,2025-12-03 14:16:18
아모스 프로페셔널,리페어 시카 앰플 트리트먼트 230ml,4.97,87,"₩32,000",0%,"₩32,000",N/A,N/A,https://images-kr.amoremall.com/products/004051000017/004051000017_01.jpg?1740379667877,https://www.amoremall.com/kr/ko/product/detail?onlineProdSn=64149&onlineProdCode=004051000017,2025-12-03 14:16:24
아모스 프로페셔널,녹차실감 샴푸 중건성 두피용 500g,4.94,49,"₩36,000",0%,"₩36,000",N/A,N/A,https://images-kr.amoremall.com/products/004051000002/004051000002_01.jpg?1740532667088,https://www.amoremall.com/kr/ko/product/detail?onlineProdSn=64119&onlineProdCode=004051000002,2025-12-03 14:16:47
아모스 프로페셔널,리페어 시카 프로틴 인텐시브 크림 150ml,4.92,83,"₩32,000",0%,"₩32,000",N/A,N/A,https://images-kr.amoremall.com/products/004051000018/004051000018_01.jpg?1740379778310,https://www.amoremall.com/kr/ko/product/detail?onlineProdSn=64150&onlineProdCode=004051000018,2025-12-03 14:16:56
아모스 프로페셔널,녹차실감 샴푸 민감성 두피용 500g,4.73,56,"₩36,000",0%,"₩36,000",N/A,N/A,https://images-kr.amoremall.com/products/004051000003/004051000003_01.jpg?1740370811903,https://www.amoremall.com/kr/ko/product/detail?onlineProdSn=64120&onlineProdCode=004051000003,2025-12-03 14:17:04
아모스 프로페셔널,리페어 시카 샴푸 500g,4.88,50,"₩32,000",0%,"₩32,000",N/A,N/A,https://images-kr.amoremall.com/products/004051000014/004051000014_01.jpg?1740378892643,https://www.amoremall.com/kr/ko/product/detail?onlineProdSn=64145&onlineProdCode=004051000014,2025-12-03 14:17:11
아모스 프로페셔널,리페어 CMC 트리트먼트 200ml,4.83,60,"₩28,000",0%,"₩28,000",N/A,N/A,https://images-kr.amoremall.com/products/004051000020/004051000020_01.jpg?1740380027915,https://www.amoremall.com/kr/ko/product/detail?onlineProdSn=64152&onlineProdCode=004051000020,2025-12-03 14:17:18
아모스 프로페셔널,컬링 크림 150ml,4.9,48,"₩17,000",0%,"₩17,000",N/A,N/A,https://images-kr.amoremall.com/products/004051000010/004051000010_01.jpg?1740374959130,https://www.amoremall.com/kr/ko/product/detail?onlineProdSn=64138&onlineProdCode=004051000010,2025-12-03 14:17:27
아모스 프로페셔널,녹차실감 스무딩 팩 250ml,4.97,37,"₩32,000",0%,"₩32,000",N/A,N/A,https://images-kr.amoremall.com/products/004051000004/004051000004_01.jpg?1740370983611,https://www.amoremall.com/kr/ko/product/detail?onlineProdSn=64122&onlineProdCode=004051000004,2025-12-03 14:17:34
아모스 프로페셔널,리페어 CMC 쉴드 세럼 200ml,4.89,46,"₩29,000",0%,"₩29,000",N/A,N/A,https://images-kr.amoremall.com/products/004051000021/004051000021_01.jpg?1740380127406,https://www.amoremall.com/kr/ko/product/detail?onlineProdSn=64153&onlineProdCode=004051000021,2025-12-03 14:17:40
아모스 프로페셔널,리페어 CMC 오일 100ml,5.0,28,"₩27,000",0%,"₩27,000",N/A,N/A,https://images-kr.amoremall.com/products/004051000022/004051000022_01.jpg?1740380395575,https://www.amoremall.com/kr/ko/product/detail?onlineProdSn=64154&onlineProdCode=004051000022,2025-12-03 14:17:47
아모스 프로페셔널,리페어 시카 트리트먼트 200ml,4.78,37,"₩32,000",0%,"₩32,000",N/A,N/A,https://images-kr.amoremall.com/products/004051000015/004051000015_01.jpg?1740379426682,https://www.amoremall.com/kr/ko/product/detail?onlineProdSn=64147&onlineProdCode=004051000015,2025-12-03 14:17:53
아모스 프로페셔널,퓨어스마트 샴푸 딥액션 500g,4.87,47,"₩28,000",0%,"₩28,000",N/A,N/A,https://images-kr.amoremall.com/products/004051000007/004051000007_01.jpg?1740374535552,https://www.amoremall.com/kr/ko/product/detail?onlineProdSn=64135&onlineProdCode=004051000007,2025-12-03 14:18:00
아모스 프로페셔널,리페어 CMC 샴푸 500g,4.93,42,"₩28,000",0%,"₩28,000",N/A,N/A,https://images-kr.amoremall.com/products/004051000019/004051000019_01.jpg?1740379926530,https://www.amoremall.com/kr/ko/product/detail?onlineProdSn=64151&onlineProdCode=004051000019,2025-12-03 14:18:16
아모스 프로페셔널,리페어 시카 본딩 오일 100ml,4.84,19,"₩32,000",0%,"₩32,000",N/A,N/A,https://images-kr.amoremall.com/products/004051000016/004051000016_01.jpg?1740379546094,https://www.amoremall.com/kr/ko/product/detail?onlineProdSn=64148&onlineProdCode=004051000016,2025-12-03 14:18:25
아모스 프로페셔널,녹차실감 퍼펙션 토닉 50ml,4.83,6,"₩32,000",0%,"₩32,000",N/A,N/A,https://images-kr.amoremall.com/products/004051000034/004051000034_01.jpg?1756449012033,https://www.amoremall.com/kr/ko/product/detail?onlineProdSn=66652&onlineProdCode=004051000034,2025-12-03 14:18:33
아모스 프로페셔널,컬링 픽서 140ml,4.67,9,"₩20,000",0%,"₩20,000",N/A,N/A,https://images-kr.amoremall.com/products/004051000028/004051000028_01.jpg?1754378324414,https://www.amoremall.com/kr/ko/product/detail?onlineProdSn=66376&onlineProdCode=004051000028,2025-12-03 14:18:40
