[
  {
    "브랜드": "세잔느",
    "상품명": "[세잔느] 톤업 아이섀도우",
    "별점": 4.33,
    "리뷰 개수": 9,
    "원가": "₩15,000",
    "할인율": "0%",
    "판매가": "₩15,000",
    "피부타입별 구매비율": "N/A",
    "연령대별 구매비율": "N/A",
    "상품상세 이미지": "https://images-kr.amoremall.com/products/002051000007/002051000007_01.jpg?1741771951484",
    "상품 URL": "https://www.amoremall.com/kr/ko/product/detail?onlineProdSn=24403&onlineProdCode=002051000007",
    "크롤링 시간": "2025-12-03 13:53:48"
  },
  {
    "브랜드": "세잔느",
    "상품명": "[세잔느] 마스카라 리무버",
    "별점": 4.67,
    "리뷰 개수": 6,
    "원가": "₩12,000",
    "할인율": "0%",
    "판매가": "₩12,000",
    "피부타입별 구매비율": "N/A",
    "연령대별 구매비율": "N/A",
    "상품상세 이미지": "https://images-kr.amoremall.com/products/002051000033/002051000033_01.jpg?1706170863884",
    "상품 URL": "https://www.amoremall.com/kr/ko/product/detail?onlineProdSn=60733&onlineProdCode=002051000033",
    "크롤링 시간": "2025-12-03 13:54:02"
  },
  {
    "브랜드": "세잔느",
    "상품명": "[세잔느] 팔레트 컨실러",
    "별점": 3.0,
    "리뷰 개수": 1,
    "원가": "₩18,000",
    "할인율": "0%",
    "판매가": "₩18,000",
    "피부타입별 구매비율": "N/A",
    "연령대별 구매비율": "N/A",
    "상품상세 이미지": "https://images-kr.amoremall.com/products/002051000012/002051000012_01.jpg?1710121710534, https://images-kr.amoremall.com/products/002051000012/002051000012_02.png?1619763266970",
    "상품 URL": "https://www.amoremall.com/kr/ko/product/detail?onlineProdSn=24408&onlineProdCode=002051000012",
    "크롤링 시간": "2025-12-03 13:55:02"
  },
  {
    "브랜드": "세잔느",
    "상품명": "[세잔느] 내추럴치크N 3.5g",
    "별점": 4.65,
    "리뷰 개수": 130,
    "원가": "₩13,000",
    "할인율": "0%",
    "판매가": "₩13,000",
    "피부타입별 구매비율": "N/A",
    "연령대별 구매비율": "N/A",
    "상품상세 이미지": "https://images-kr.amoremall.com/products/002051000002/002051000002_01.jpg?1710122213653",
    "상품 URL": "https://www.amoremall.com/kr/ko/product/detail?onlineProdSn=24398&onlineProdCode=002051000002",
    "크롤링 시간": "2025-12-03 13:55:21"
  },
  {
    "브랜드": "세잔느",
    "상품명": "[세잔느] 라스팅 글로스립",
    "별점": 4.35,
    "리뷰 개수": 20,
    "원가": "₩13,900",
    "할인율": "0%",
    "판매가": "₩13,900",
    "피부타입별 구매비율": "N/A",
    "연령대별 구매비율": "N/A",
    "상품상세 이미지": "https://images-kr.amoremall.com/products/002051000008/002051000008_01.jpg?1710122108901, https://images-kr.amoremall.com/products/002051000008/002051000008_02.jpg?1710122108901",
    "상품 URL": "https://www.amoremall.com/kr/ko/product/detail?onlineProdSn=24404&onlineProdCode=002051000008",
    "크롤링 시간": "2025-12-03 13:55:34"
  },
  {
    "브랜드": "세잔느",
    "상품명": "[세잔느] 슈퍼 슬림 아이브로우",
    "별점": 4.45,
    "리뷰 개수": 11,
    "원가": "₩15,000",
    "할인율": "0%",
    "판매가": "₩15,000",
    "피부타입별 구매비율": "N/A",
    "연령대별 구매비율": "N/A",
    "상품상세 이미지": "https://images-kr.amoremall.com/products/002051000017/002051000017_01.jpg?1710121148639, https://images-kr.amoremall.com/products/002051000017/002051000017_02.png?1619762234294",
    "상품 URL": "https://www.amoremall.com/kr/ko/product/detail?onlineProdSn=27031&onlineProdCode=002051000017",
    "크롤링 시간": "2025-12-03 13:55:44"
  },
  {
    "브랜드": "세잔느",
    "상품명": "[세잔느] 워터리 틴트 립 4g",
    "별점": 0,
    "리뷰 개수": 0,
    "원가": "₩12,900",
    "할인율": "0%",
    "판매가": "₩12,900",
    "피부타입별 구매비율": "N/A",
    "연령대별 구매비율": "N/A",
    "상품상세 이미지": "https://images-kr.amoremall.com/products/002051000026/002051000026_01.jpg?1710120524196",
    "상품 URL": "https://www.amoremall.com/kr/ko/product/detail?onlineProdSn=48634&onlineProdCode=002051000026",
    "크롤링 시간": "2025-12-03 13:55:52"
  },
  {
    "브랜드": "세잔느",
    "상품명": "[세잔느] 글로우 리퀴드 라이너",
    "별점": 5.0,
    "리뷰 개수": 1,
    "원가": "₩15,000",
    "할인율": "0%",
    "판매가": "₩15,000",
    "피부타입별 구매비율": "N/A",
    "연령대별 구매비율": "N/A",
    "상품상세 이미지": "https://images-kr.amoremall.com/products/002051000036/002051000036_01.jpg?1741911455225, https://images-kr.amoremall.com/products/002051000036/002051000036_02.png?1741911455225",
    "상품 URL": "https://www.amoremall.com/kr/ko/product/detail?onlineProdSn=64378&onlineProdCode=002051000036",
    "크롤링 시간": "2025-12-03 13:56:00"
  },
  {
    "브랜드": "세잔느",
    "상품명": "[세잔느] 아이 메이크베이스",
    "별점": 4.17,
    "리뷰 개수": 6,
    "원가": "₩15,000",
    "할인율": "0%",
    "판매가": "₩15,000",
    "피부타입별 구매비율": "N/A",
    "연령대별 구매비율": "N/A",
    "상품상세 이미지": "https://images-kr.amoremall.com/products/002051000037/002051000037_01.jpg?1741911530454, https://images-kr.amoremall.com/products/002051000037/002051000037_02.png?1741911530454",
    "상품 URL": "https://www.amoremall.com/kr/ko/product/detail?onlineProdSn=64379&onlineProdCode=002051000037",
    "크롤링 시간": "2025-12-03 13:56:10"
  },
  {
    "브랜드": "세잔느",
    "상품명": "[세잔느] 헤어 메이크업 파우더",
    "별점": 4.5,
    "리뷰 개수": 2,
    "원가": "₩16,000",
    "할인율": "0%",
    "판매가": "₩16,000",
    "피부타입별 구매비율": "N/A",
    "연령대별 구매비율": "N/A",
    "상품상세 이미지": "https://images-kr.amoremall.com/products/002051000032/002051000032_01.jpg?1706170785271",
    "상품 URL": "https://www.amoremall.com/kr/ko/product/detail?onlineProdSn=60732&onlineProdCode=002051000032",
    "크롤링 시간": "2025-12-03 13:56:18"
  },
  {
    "브랜드": "세잔느",
    "상품명": "[세잔느] 드로잉 더블 아이라이너",
    "별점": 4.8,
    "리뷰 개수": 15,
    "원가": "₩13,900",
    "할인율": "0%",
    "판매가": "₩13,900",
    "피부타입별 구매비율": "N/A",
    "연령대별 구매비율": "N/A",
    "상품상세 이미지": "https://images-kr.amoremall.com/products/002051000015/002051000015_01.jpg?1710121473092, https://images-kr.amoremall.com/products/002051000015/002051000015_02.png?1619761005674",
    "상품 URL": "https://www.amoremall.com/kr/ko/product/detail?onlineProdSn=24411&onlineProdCode=002051000015",
    "크롤링 시간": "2025-12-03 13:56:43"
  },
  {
    "브랜드": "세잔느",
    "상품명": "[세잔느] 내추럴 매트 쉐이딩",
    "별점": 4.25,
    "리뷰 개수": 4,
    "원가": "₩15,000",
    "할인율": "0%",
    "판매가": "₩15,000",
    "피부타입별 구매비율": "N/A",
    "연령대별 구매비율": "N/A",
    "상품상세 이미지": "https://images-kr.amoremall.com/products/002051000031/002051000031_01.jpg?1710119994908",
    "상품 URL": "https://www.amoremall.com/kr/ko/product/detail?onlineProdSn=59227&onlineProdCode=002051000031",
    "크롤링 시간": "2025-12-03 13:57:19"
  },
  {
    "브랜드": "세잔느",
    "상품명": "[세잔느] 드로잉 아이존 컨실러",
    "별점": 5.0,
    "리뷰 개수": 2,
    "원가": "₩14,000",
    "할인율": "0%",
    "판매가": "₩14,000",
    "피부타입별 구매비율": "N/A",
    "연령대별 구매비율": "N/A",
    "상품상세 이미지": "https://images-kr.amoremall.com/products/002051000035/002051000035_01.jpg?1706171010943",
    "상품 URL": "https://www.amoremall.com/kr/ko/product/detail?onlineProdSn=60735&onlineProdCode=002051000035",
    "크롤링 시간": "2025-12-03 13:57:49"
  },
  {
    "브랜드": "세잔느",
    "상품명": "[세잔느] 퀵 앤 이지 헤어 마스카라",
    "별점": 4.5,
    "리뷰 개수": 10,
    "원가": "₩17,000",
    "할인율": "0%",
    "판매가": "₩17,000",
    "피부타입별 구매비율": "N/A",
    "연령대별 구매비율": "N/A",
    "상품상세 이미지": "https://images-kr.amoremall.com/products/002051000030/002051000030_01.jpg?1710119810906",
    "상품 URL": "https://www.amoremall.com/kr/ko/product/detail?onlineProdSn=53945&onlineProdCode=002051000030",
    "크롤링 시간": "2025-12-03 13:58:04"
  },
  {
    "브랜드": "세잔느",
    "상품명": "[세잔느] 젤 아이라이너(핑크베이지)",
    "별점": 5.0,
    "리뷰 개수": 1,
    "원가": "₩12,000",
    "할인율": "0%",
    "판매가": "₩12,000",
    "피부타입별 구매비율": "N/A",
    "연령대별 구매비율": "N/A",
    "상품상세 이미지": "https://images-kr.amoremall.com/products/002051000034/002051000034_01.jpg?1706170929640",
    "상품 URL": "https://www.amoremall.com/kr/ko/product/detail?onlineProdSn=60734&onlineProdCode=002051000034",
    "크롤링 시간": "2025-12-03 13:58:11"
  },
  {
    "브랜드": "세잔느",
    "상품명": "[세잔느] 아이브로우 코트 EX",
    "별점": 5.0,
    "리뷰 개수": 1,
    "원가": "₩13,900",
    "할인율": "0%",
    "판매가": "₩13,900",
    "피부타입별 구매비율": "N/A",
    "연령대별 구매비율": "N/A",
    "상품상세 이미지": "https://images-kr.amoremall.com/products/002051000024/002051000024_01.jpg?1710120988666, https://images-kr.amoremall.com/products/002051000024/002051000024_02.png?1619761973984",
    "상품 URL": "https://www.amoremall.com/kr/ko/product/detail?onlineProdSn=39998&onlineProdCode=002051000024",
    "크롤링 시간": "2025-12-03 13:58:19"
  },
  {
    "브랜드": "세잔느",
    "상품명": "[세잔느] 펄 글로우 하이라이트 스페셜 에디션",
    "별점": 5.0,
    "리뷰 개수": 1,
    "원가": "₩15,000",
    "할인율": "0%",
    "판매가": "₩15,000",
    "피부타입별 구매비율": "N/A",
    "연령대별 구매비율": "N/A",
    "상품상세 이미지": "https://images-kr.amoremall.com/products/002051000039/002051000039_01.jpg?1753685193627",
    "상품 URL": "https://www.amoremall.com/kr/ko/product/detail?onlineProdSn=66280&onlineProdCode=002051000039",
    "크롤링 시간": "2025-12-03 13:58:37"
  },
  {
    "브랜드": "세잔느",
    "상품명": "[세잔느] 메이크 킵 베이스(퓨어라벤더 추가)",
    "별점": 4.28,
    "리뷰 개수": 46,
    "원가": "₩17,000",
    "할인율": "41%",
    "판매가": "₩9,900",
    "피부타입별 구매비율": "N/A",
    "연령대별 구매비율": "N/A",
    "상품상세 이미지": "https://images-kr.amoremall.com/products/002051000010/002051000010_01.png?1734332154576",
    "상품 URL": "https://www.amoremall.com/kr/ko/product/detail?onlineProdSn=24406&onlineProdCode=002051000010",
    "크롤링 시간": "2025-12-03 13:58:43"
  },
  {
    "브랜드": "세잔느",
    "상품명": "[세잔느]  메이크 킵 베이스 라이트블루+미니 베이스 브러쉬 기획 SET",
    "별점": 4.79,
    "리뷰 개수": 19,
    "원가": "₩20,000",
    "할인율": "0%",
    "판매가": "₩20,000",
    "피부타입별 구매비율": "N/A",
    "연령대별 구매비율": "N/A",
    "상품상세 이미지": "https://images-kr.amoremall.com/products/002051000038/002051000038_01.jpg?1747188323620",
    "상품 URL": "https://www.amoremall.com/kr/ko/product/detail?onlineProdSn=65055&onlineProdCode=002051000038",
    "크롤링 시간": "2025-12-03 13:58:50"
  }
]