[
  {
    "브랜드": "에이피뷰티",
    "상품명": "리쥬브네이팅 부스터 샷 엠디 세럼 30ml",
    "별점": 4.91,
    "리뷰 개수": 77,
    "원가": "₩132,000",
    "할인율": "10%",
    "판매가": "₩118,800",
    "피부타입별 구매비율": "N/A",
    "연령대별 구매비율": "N/A",
    "상품상세 이미지": "https://images-kr.amoremall.com/products/1764034996041/111480000084/111480000084_00.jpg?1764034997309, https://images-kr.amoremall.com/products/111480000084/111480000084_01.jpg?1757404743167, https://images-kr.amoremall.com/products/111480000084/111480000084_02.png?1757404743167, https://images-kr.amoremall.com/products/111480000084/111480000084_03.png?1757404773399, https://images-kr.amoremall.com/products/111480000084/111480000084_04.png?1757404773399, https://images-kr.amoremall.com/products/111480000084/111480000084_05.png?1757404773399",
    "상품 URL": "https://www.amoremall.com/kr/ko/product/detail?onlineProdSn=66734&onlineProdCode=111480000084",
    "크롤링 시간": "2025-12-03 14:49:40"
  },
  {
    "브랜드": "에이피뷰티",
    "상품명": "에이피 리파이닝 파우더 투 폼 클렌저 55g",
    "별점": 4.9,
    "리뷰 개수": 134,
    "원가": "₩79,000",
    "할인율": "10%",
    "판매가": "₩71,100",
    "피부타입별 구매비율": "N/A",
    "연령대별 구매비율": "N/A",
    "상품상세 이미지": "https://images-kr.amoremall.com/products/1764035955691/111380000439/111380000439_00.jpg?1764035956889, https://images-kr.amoremall.com/products/111380000439/111380000439_01.png?1734051854972",
    "상품 URL": "https://www.amoremall.com/kr/ko/product/detail?onlineProdSn=61432&onlineProdCode=111380000439",
    "크롤링 시간": "2025-12-03 14:49:48"
  },
  {
    "브랜드": "에이피뷰티",
    "상품명": "에이피 얼티밋 오일 투 밀크 클렌저 200ml",
    "별점": 4.84,
    "리뷰 개수": 101,
    "원가": "₩72,000",
    "할인율": "10%",
    "판매가": "₩64,800",
    "피부타입별 구매비율": "N/A",
    "연령대별 구매비율": "N/A",
    "상품상세 이미지": "https://images-kr.amoremall.com/products/1764035994404/111480000023/111480000023_00.jpg?1764035995330, https://images-kr.amoremall.com/products/111480000023/111480000023_01.png?1739435552810, https://images-kr.amoremall.com/products/111480000023/111480000023_02.png?1739435552810, https://images-kr.amoremall.com/products/111480000023/111480000023_03.png?1739435552810, https://images-kr.amoremall.com/products/111480000023/111480000023_04.png?1739435552810",
    "상품 URL": "https://www.amoremall.com/kr/ko/product/detail?onlineProdSn=63993&onlineProdCode=111480000023",
    "크롤링 시간": "2025-12-03 14:49:54"
  },
  {
    "브랜드": "에이피뷰티",
    "상품명": "리쥬브네이팅 트리트먼트 엠디 크림 50ml",
    "별점": 4.72,
    "리뷰 개수": 163,
    "원가": "₩132,000",
    "할인율": "10%",
    "판매가": "₩118,800",
    "피부타입별 구매비율": "N/A",
    "연령대별 구매비율": "N/A",
    "상품상세 이미지": "https://images-kr.amoremall.com/products/1764035045573/111480000085/111480000085_00.jpg?1764035046524, https://images-kr.amoremall.com/products/111480000085/111480000085_01.png?1757403812483, https://images-kr.amoremall.com/products/111480000085/111480000085_02.png?1757403812483, https://images-kr.amoremall.com/products/111480000085/111480000085_03.png?1757403812483, https://images-kr.amoremall.com/products/111480000085/111480000085_04.png?1757403812483",
    "상품 URL": "https://www.amoremall.com/kr/ko/product/detail?onlineProdSn=66735&onlineProdCode=111480000085",
    "크롤링 시간": "2025-12-03 14:50:00"
  },
  {
    "브랜드": "에이피뷰티",
    "상품명": "[리필/케이스 택] 프라임 리저브 리트리니티 메쉬 파운데이션 12g",
    "별점": 4.75,
    "리뷰 개수": 292,
    "원가": "₩34,000",
    "할인율": "10%",
    "판매가": "₩30,600",
    "피부타입별 구매비율": "N/A",
    "연령대별 구매비율": "N/A",
    "상품상세 이미지": "https://images-kr.amoremall.com/products/1764036514655/111480000013/111480000013_00.jpg?1764036515594, https://images-kr.amoremall.com/products/111480000013/111480000013_01.png?1734079131758, https://images-kr.amoremall.com/products/111480000013/111480000013_02.png?1734079131758, https://images-kr.amoremall.com/products/111480000013/111480000013_03.png?1734079131758, https://images-kr.amoremall.com/products/111480000013/111480000013_04.png?1734079131758, https://images-kr.amoremall.com/products/111480000013/111480000013_05.png?1734079131758, https://images-kr.amoremall.com/products/111480000013/111480000013_09.png?1734079131758",
    "상품 URL": "https://www.amoremall.com/kr/ko/product/detail?onlineProdSn=63214&onlineProdCode=111480000013",
    "크롤링 시간": "2025-12-03 14:50:10"
  },
  {
    "브랜드": "에이피뷰티",
    "상품명": "에이피 듀얼 리페어 리프트 크림 50 ml",
    "별점": 4.92,
    "리뷰 개수": 26,
    "원가": "₩415,000",
    "할인율": "10%",
    "판매가": "₩373,500",
    "피부타입별 구매비율": "N/A",
    "연령대별 구매비율": "N/A",
    "상품상세 이미지": "https://images-kr.amoremall.com/products/1764035447983/111380000430/111380000430_00.jpg?1764035449248, https://images-kr.amoremall.com/products/111380000430/111380000430_01.png?1733121405229",
    "상품 URL": "https://www.amoremall.com/kr/ko/product/detail?onlineProdSn=61420&onlineProdCode=111380000430",
    "크롤링 시간": "2025-12-03 14:50:51"
  },
  {
    "브랜드": "에이피뷰티",
    "상품명": "에이피 듀얼 리페어 리프트 크림 30ml",
    "별점": 4.96,
    "리뷰 개수": 23,
    "원가": "₩260,000",
    "할인율": "10%",
    "판매가": "₩234,000",
    "피부타입별 구매비율": "N/A",
    "연령대별 구매비율": "N/A",
    "상품상세 이미지": "https://images-kr.amoremall.com/products/1764035110442/111480000010/111480000010_00.jpg?1764035111508, https://images-kr.amoremall.com/products/111480000010/111480000010_01.png?1733121405229, https://images-kr.amoremall.com/products/111480000010/111480000010_02.png?1730277522916, https://images-kr.amoremall.com/products/111480000010/111480000010_03.png?1730277522916, https://images-kr.amoremall.com/products/111480000010/111480000010_04.png?1730277522916",
    "상품 URL": "https://www.amoremall.com/kr/ko/product/detail?onlineProdSn=62995&onlineProdCode=111480000010",
    "크롤링 시간": "2025-12-03 14:50:57"
  },
  {
    "브랜드": "에이피뷰티",
    "상품명": "에이피 프라임 리저브 리트리니티 메쉬 파운데이션 스펀지 2개입",
    "별점": 4.92,
    "리뷰 개수": 404,
    "원가": "₩14,000",
    "할인율": "10%",
    "판매가": "₩12,600",
    "피부타입별 구매비율": "N/A",
    "연령대별 구매비율": "N/A",
    "상품상세 이미지": "https://images-kr.amoremall.com/products/111480000009/111480000009_01.png?1763942597440, https://images-kr.amoremall.com/products/111480000009/111480000009_02.png?1729584951526, https://images-kr.amoremall.com/products/111480000009/111480000009_03.png?1729584951526",
    "상품 URL": "https://www.amoremall.com/kr/ko/product/detail?onlineProdSn=62939&onlineProdCode=111480000009",
    "크롤링 시간": "2025-12-03 14:51:02"
  },
  {
    "브랜드": "에이피뷰티",
    "상품명": "에이피 에이오 리부트 앤 리뉴 더블 컨센트레이트 40ml",
    "별점": 5.0,
    "리뷰 개수": 11,
    "원가": "₩198,000",
    "할인율": "10%",
    "판매가": "₩178,200",
    "피부타입별 구매비율": "N/A",
    "연령대별 구매비율": "N/A",
    "상품상세 이미지": "https://images-kr.amoremall.com/products/1764036310717/111480000008/111480000008_00.jpg?1764036311760, https://images-kr.amoremall.com/products/111480000008/111480000008_01.png?1733121405229, https://images-kr.amoremall.com/products/111480000008/111480000008_02.png?1728864730118, https://images-kr.amoremall.com/products/111480000008/111480000008_03.png?1728864730118, https://images-kr.amoremall.com/products/111480000008/111480000008_04.png?1728864730118",
    "상품 URL": "https://www.amoremall.com/kr/ko/product/detail?onlineProdSn=62851&onlineProdCode=111480000008",
    "크롤링 시간": "2025-12-03 14:53:34"
  },
  {
    "브랜드": "에이피뷰티",
    "상품명": "에이피 프라임 리저브 리트리니티 크림 50ml",
    "별점": 4.0,
    "리뷰 개수": 2,
    "원가": "₩610,000",
    "할인율": "10%",
    "판매가": "₩549,000",
    "피부타입별 구매비율": "N/A",
    "연령대별 구매비율": "N/A",
    "상품상세 이미지": "https://images-kr.amoremall.com/products/1764037330657/111480000005/111480000005_00.jpg?1764037331751, https://images-kr.amoremall.com/products/111480000005/111480000005_01.png?1733121405229",
    "상품 URL": "https://www.amoremall.com/kr/ko/product/detail?onlineProdSn=61494&onlineProdCode=111480000005",
    "크롤링 시간": "2025-12-03 14:53:42"
  },
  {
    "브랜드": "에이피뷰티",
    "상품명": "에이피 리프트 앤 리뉴 더블 샷 프로그램 3ea",
    "별점": 4.67,
    "리뷰 개수": 15,
    "원가": "₩445,000",
    "할인율": "10%",
    "판매가": "₩400,500",
    "피부타입별 구매비율": "N/A",
    "연령대별 구매비율": "N/A",
    "상품상세 이미지": "https://images-kr.amoremall.com/products/1764035535653/111480000003/111480000003_00.jpg?1764035536684, https://images-kr.amoremall.com/products/111480000003/111480000003_01.png?1733121405229",
    "상품 URL": "https://www.amoremall.com/kr/ko/product/detail?onlineProdSn=61492&onlineProdCode=111480000003",
    "크롤링 시간": "2025-12-03 14:53:49"
  },
  {
    "브랜드": "에이피뷰티",
    "상품명": "에이피 에이오 리부트 앤 리뉴 에센스 150ml",
    "별점": 4.68,
    "리뷰 개수": 66,
    "원가": "₩152,000",
    "할인율": "10%",
    "판매가": "₩136,800",
    "피부타입별 구매비율": "N/A",
    "연령대별 구매비율": "N/A",
    "상품상세 이미지": "https://images-kr.amoremall.com/products/1764036270095/111380000417/111380000417_00.jpg?1764036271389, https://images-kr.amoremall.com/products/111380000417/111380000417_01.png?1739259496214, https://images-kr.amoremall.com/products/111380000417/111380000417_02.png?1739259496214, https://images-kr.amoremall.com/products/111380000417/111380000417_03.png?1739259496214, https://images-kr.amoremall.com/products/111380000417/111380000417_04.png?1739259496214",
    "상품 URL": "https://www.amoremall.com/kr/ko/product/detail?onlineProdSn=60764&onlineProdCode=111380000417",
    "크롤링 시간": "2025-12-03 14:54:03"
  },
  {
    "브랜드": "에이피뷰티",
    "상품명": "마이크로파인 인텐시브 크림 투 폼 클렌저 150g",
    "별점": 4.87,
    "리뷰 개수": 123,
    "원가": "₩53,000",
    "할인율": "10%",
    "판매가": "₩47,700",
    "피부타입별 구매비율": "N/A",
    "연령대별 구매비율": "N/A",
    "상품상세 이미지": "https://images-kr.amoremall.com/products/1764036069436/111480000036/111480000036_00.jpg?1764036070405, https://images-kr.amoremall.com/products/111480000036/111480000036_01.png?1744014274142, https://images-kr.amoremall.com/products/111480000036/111480000036_02.png?1744014274142, https://images-kr.amoremall.com/products/111480000036/111480000036_03.png?1744014274142, https://images-kr.amoremall.com/products/111480000036/111480000036_04.png?1744014274142, https://images-kr.amoremall.com/products/111480000036/111480000036_05.png?1744014274142",
    "상품 URL": "https://www.amoremall.com/kr/ko/product/detail?onlineProdSn=64627&onlineProdCode=111480000036",
    "크롤링 시간": "2025-12-03 14:54:28"
  },
  {
    "브랜드": "에이피뷰티",
    "상품명": "에이피 에이오 리부트 앤 리뉴 크림",
    "별점": 4.91,
    "리뷰 개수": 22,
    "원가": "₩210,000",
    "할인율": "10%",
    "판매가": "₩189,000",
    "피부타입별 구매비율": "N/A",
    "연령대별 구매비율": "N/A",
    "상품상세 이미지": "https://images-kr.amoremall.com/products/1764036355922/111480000007/111480000007_00.jpg?1764036356740, https://images-kr.amoremall.com/products/111480000007/111480000007_01.png?1733121405229, https://images-kr.amoremall.com/products/111480000007/111480000007_02.jpg?1727670110477, https://images-kr.amoremall.com/products/111480000007/111480000007_03.jpg?1727670110477, https://images-kr.amoremall.com/products/111480000007/111480000007_04.jpg?1727670110477, https://images-kr.amoremall.com/products/111480000007/111480000007_05.jpg?1727670110477, https://images-kr.amoremall.com/products/111480000007/111480000007_06.jpg?1727670110477, https://images-kr.amoremall.com/products/111480000007/111480000007_07.jpg?1727670110477",
    "상품 URL": "https://www.amoremall.com/kr/ko/product/detail?onlineProdSn=62794&onlineProdCode=111480000007",
    "크롤링 시간": "2025-12-03 14:54:35"
  },
  {
    "브랜드": "에이피뷰티",
    "상품명": "에이피 리프트 앤 펌 듀얼 아이 트리트먼트",
    "별점": 4.76,
    "리뷰 개수": 17,
    "원가": "₩229,000",
    "할인율": "10%",
    "판매가": "₩206,100",
    "피부타입별 구매비율": "N/A",
    "연령대별 구매비율": "N/A",
    "상품상세 이미지": "https://images-kr.amoremall.com/products/1764035496073/111380000434/111380000434_00.jpg?1764035497157, https://images-kr.amoremall.com/products/111380000434/111380000434_01.png?1733121405229",
    "상품 URL": "https://www.amoremall.com/kr/ko/product/detail?onlineProdSn=61425&onlineProdCode=111380000434",
    "크롤링 시간": "2025-12-03 14:54:41"
  },
  {
    "브랜드": "에이피뷰티",
    "상품명": "에이피 듀얼 리페어 리프트 리퀴드 크림 120ml",
    "별점": 4.92,
    "리뷰 개수": 25,
    "원가": "₩245,000",
    "할인율": "10%",
    "판매가": "₩220,500",
    "피부타입별 구매비율": "N/A",
    "연령대별 구매비율": "N/A",
    "상품상세 이미지": "https://images-kr.amoremall.com/products/1764035688066/111380000431/111380000431_00.jpg?1764035689177, https://images-kr.amoremall.com/products/111380000431/111380000431_01.png?1733121405229",
    "상품 URL": "https://www.amoremall.com/kr/ko/product/detail?onlineProdSn=61422&onlineProdCode=111380000431",
    "크롤링 시간": "2025-12-03 14:54:53"
  },
  {
    "브랜드": "에이피뷰티",
    "상품명": "에이오 트리플 디펜스 에어리 선 세럼 40ml",
    "별점": 4.85,
    "리뷰 개수": 163,
    "원가": "₩89,000",
    "할인율": "10%",
    "판매가": "₩80,100",
    "피부타입별 구매비율": "N/A",
    "연령대별 구매비율": "N/A",
    "상품상세 이미지": "https://images-kr.amoremall.com/products/1764036404076/111480000012/111480000012_00.jpg?1764036405286, https://images-kr.amoremall.com/products/111480000012/111480000012_01.png?1733121405229, https://images-kr.amoremall.com/products/111480000012/111480000012_02.png?1731654713828",
    "상품 URL": "https://www.amoremall.com/kr/ko/product/detail?onlineProdSn=63154&onlineProdCode=111480000012",
    "크롤링 시간": "2025-12-03 14:55:00"
  },
  {
    "브랜드": "에이피뷰티",
    "상품명": "에이피 리프트 앤 리뉴 더블 샷 프로그램 1ea",
    "별점": 4.94,
    "리뷰 개수": 16,
    "원가": "₩170,000",
    "할인율": "10%",
    "판매가": "₩153,000",
    "피부타입별 구매비율": "N/A",
    "연령대별 구매비율": "N/A",
    "상품상세 이미지": "https://images-kr.amoremall.com/products/1764035618267/111380000433/111380000433_00.jpg?1764035619458, https://images-kr.amoremall.com/products/111380000433/111380000433_01.png?1733121405229",
    "상품 URL": "https://www.amoremall.com/kr/ko/product/detail?onlineProdSn=61424&onlineProdCode=111380000433",
    "크롤링 시간": "2025-12-03 14:55:10"
  },
  {
    "브랜드": "에이피뷰티",
    "상품명": "에이피 리프트 앤 리뉴 더블 샷 프로그램 1ea",
    "별점": 4.94,
    "리뷰 개수": 16,
    "원가": "₩170,000",
    "할인율": "10%",
    "판매가": "₩153,000",
    "피부타입별 구매비율": "N/A",
    "연령대별 구매비율": "N/A",
    "상품상세 이미지": "https://images-kr.amoremall.com/products/1764035618267/111380000433/111380000433_00.jpg?1764035619458, https://images-kr.amoremall.com/products/111380000433/111380000433_01.png?1733121405229",
    "상품 URL": "https://www.amoremall.com/kr/ko/product/detail?onlineProdSn=61424&onlineProdCode=111380000433",
    "크롤링 시간": "2025-12-03 14:55:19"
  },
  {
    "브랜드": "에이피뷰티",
    "상품명": "에이오 트리플 디펜스 에어리 선 세럼 40ml",
    "별점": 4.85,
    "리뷰 개수": 163,
    "원가": "₩89,000",
    "할인율": "10%",
    "판매가": "₩80,100",
    "피부타입별 구매비율": "N/A",
    "연령대별 구매비율": "N/A",
    "상품상세 이미지": "https://images-kr.amoremall.com/products/1764036404076/111480000012/111480000012_00.jpg?1764036405286, https://images-kr.amoremall.com/products/111480000012/111480000012_01.png?1733121405229, https://images-kr.amoremall.com/products/111480000012/111480000012_02.png?1731654713828",
    "상품 URL": "https://www.amoremall.com/kr/ko/product/detail?onlineProdSn=63154&onlineProdCode=111480000012",
    "크롤링 시간": "2025-12-03 14:55:33"
  }
]