﻿브랜드,상품명,별점,리뷰 개수,원가,할인율,판매가,피부타입별 구매비율,연령대별 구매비율,상품상세 이미지,상품 URL,크롤링 시간
언노운코드,언노운코드 디퓨저 250ml 세트,4.65,322,"₩65,000",76%,"₩15,000",N/A,N/A,"https://images-kr.amoremall.com/products/003121000005/003121000005_01.jpg?1730767066815, https://images-kr.amoremall.com/products/003121000005/003121000005_02.jpg?1730767066815, https://images-kr.amoremall.com/products/003121000005/003121000005_03.jpg?1730767066815, https://images-kr.amoremall.com/products/003121000005/003121000005_04.jpg?1730767066815",https://www.amoremall.com/kr/ko/product/detail?onlineProdSn=59893&onlineProdCode=003121000005,2025-12-03 14:37:27
언노운코드,언노운코드 핸드크림 60ml,4.84,584,"₩25,000",60%,"₩10,000",N/A,N/A,"https://images-kr.amoremall.com/products/003121000001/003121000001_01.jpg?1730767037140, https://images-kr.amoremall.com/products/003121000001/003121000001_02.jpg?1730767037140, https://images-kr.amoremall.com/products/003121000001/003121000001_03.jpg?1730767037140, https://images-kr.amoremall.com/products/003121000001/003121000001_04.jpg?1730767037140",https://www.amoremall.com/kr/ko/product/detail?onlineProdSn=59881&onlineProdCode=003121000001,2025-12-03 14:37:33
언노운코드,언노운코드 룸 스프레이 50ml,4.75,234,"₩35,000",71%,"₩10,000",N/A,N/A,"https://images-kr.amoremall.com/products/003121000004/003121000004_01.jpg?1731304033451, https://images-kr.amoremall.com/products/003121000004/003121000004_02.jpg?1731285111834, https://images-kr.amoremall.com/products/003121000004/003121000004_03.jpg?1731285111834, https://images-kr.amoremall.com/products/003121000004/003121000004_04.jpg?1731285111834",https://www.amoremall.com/kr/ko/product/detail?onlineProdSn=59891&onlineProdCode=003121000004,2025-12-03 14:37:39
언노운코드,언노운코드 더스크 챔버(WOODY) 디퓨저 리필액 250ml,4.43,21,"₩29,000",65%,"₩10,000",N/A,N/A,https://images-kr.amoremall.com/products/003121000010/003121000010_01.jpg?1736391379704,https://www.amoremall.com/kr/ko/product/detail?onlineProdSn=63741&onlineProdCode=003121000010,2025-12-03 14:37:46
언노운코드,언노운코드 듀이 하버(MOSSY) 디퓨저 리필액 250ml,4.5,18,"₩29,000",65%,"₩10,000",N/A,N/A,https://images-kr.amoremall.com/products/003121000009/003121000009_01.jpg?1736391271426,https://www.amoremall.com/kr/ko/product/detail?onlineProdSn=63740&onlineProdCode=003121000009,2025-12-03 14:37:50
언노운코드,언노운코드 미드나잇 뱅큇(FLORAL WOODY) 디퓨저 리필액 250ml,4.57,47,"₩29,000",65%,"₩10,000",N/A,N/A,https://images-kr.amoremall.com/products/003121000008/003121000008_01.jpg?1736391091242,https://www.amoremall.com/kr/ko/product/detail?onlineProdSn=63739&onlineProdCode=003121000008,2025-12-03 14:37:57
