﻿브랜드,상품명,별점,리뷰 개수,원가,할인율,판매가,피부타입별 구매비율,연령대별 구매비율,상품상세 이미지,상품 URL,크롤링 시간
오아,이지 네일 드릴 무선 젤 네일 큐티클 셀프 제거기 전동 쏙오프 손톱 발톱 정리기 그라인더 세신드릴,4.51,128,"₩37,900",0%,"₩37,900",N/A,N/A,"https://images-kr.amoremall.com/products/006061000114/006061000114_01.jpg?1707111902461, https://images-kr.amoremall.com/products/006061000114/006061000114_02.jpg?1707111902461, https://images-kr.amoremall.com/products/006061000114/006061000114_03.jpg?1707111902461, https://images-kr.amoremall.com/products/006061000114/006061000114_04.jpg?1707111902461",https://www.amoremall.com/kr/ko/product/detail?onlineProdSn=58000&onlineProdCode=006061000114,2025-12-03 15:03:59
오아,온열 무릎 전기요 포그밍 전기 담요 3종,4.86,14,"₩69,000",14%,"₩58,900",N/A,N/A,"https://images-kr.amoremall.com/products/006061000183/006061000183_01.jpg?1731977815583, https://images-kr.amoremall.com/products/006061000183/006061000183_02.jpg?1731977815583, https://images-kr.amoremall.com/products/006061000183/006061000183_03.jpg?1758686014796, https://images-kr.amoremall.com/products/006061000183/006061000183_04.jpg?1758686014796, https://images-kr.amoremall.com/products/006061000183/006061000183_05.jpg?1758686014796, https://images-kr.amoremall.com/products/006061000183/006061000183_06.jpg?1758686014796, https://images-kr.amoremall.com/products/006061000183/006061000183_07.jpg?1758686014796, https://images-kr.amoremall.com/products/006061000183/006061000183_08.jpg?1758686014796, https://images-kr.amoremall.com/products/006061000183/006061000183_09.jpg?1758686014796",https://www.amoremall.com/kr/ko/product/detail?onlineProdSn=63153&onlineProdCode=006061000183,2025-12-03 15:04:06
오아,넥스트레쳐 목 EMS 저주파 마사지기 안마기 스트레칭 기구,4.32,300,"₩44,900",0%,"₩44,900",N/A,N/A,"https://images-kr.amoremall.com/products/006061000143/006061000143_01.jpg?1695793857479, https://images-kr.amoremall.com/products/006061000143/006061000143_02.jpg?1695793857479, https://images-kr.amoremall.com/products/006061000143/006061000143_03.jpg?1695793857479, https://images-kr.amoremall.com/products/006061000143/006061000143_04.jpg?1695793857479, https://images-kr.amoremall.com/products/006061000143/006061000143_05.jpg?1695793857479",https://www.amoremall.com/kr/ko/product/detail?onlineProdSn=59808&onlineProdCode=006061000143,2025-12-03 15:04:11
오아,전동 눈썹정리기 눈썹칼 USB 충전식 눈썹 트리머 잔털 제모기 솜털정리,4.49,182,"₩25,900",3%,"₩24,900",N/A,N/A,https://images-kr.amoremall.com/products/006061000126/006061000126_01.jpg?1692686502375,https://www.amoremall.com/kr/ko/product/detail?onlineProdSn=59345&onlineProdCode=006061000126,2025-12-03 15:04:17
오아,쁘띠케어 진동 클렌저 갈바닉 마사지기 실리콘 전동 세안기 클렌징기계,4.64,118,"₩46,900",8%,"₩42,900",N/A,N/A,"https://images-kr.amoremall.com/products/006061000041/006061000041_01.jpg?1747378489086, https://images-kr.amoremall.com/products/006061000041/006061000041_02.jpg?1747378489086",https://www.amoremall.com/kr/ko/product/detail?onlineProdSn=56536&onlineProdCode=006061000041,2025-12-03 15:04:23
오아,듀얼 히팅 뷰러 온열 속눈썹 고데기 휴대용 USB,4.81,27,"₩27,900",0%,"₩27,900",N/A,N/A,"https://images-kr.amoremall.com/products/006061000196/006061000196_01.jpg?1758587700758, https://images-kr.amoremall.com/products/006061000196/006061000196_02.jpg?1758587700758, https://images-kr.amoremall.com/products/006061000196/006061000196_03.jpg?1758587700758, https://images-kr.amoremall.com/products/006061000196/006061000196_04.jpg?1758587700758",https://www.amoremall.com/kr/ko/product/detail?onlineProdSn=64325&onlineProdCode=006061000196,2025-12-03 15:04:28
오아,베이직 빗고데기 뿌리 볼륨 고대기 매직기 헤어 브러쉬,5.0,5,"₩29,900",0%,"₩29,900",N/A,N/A,"https://images-kr.amoremall.com/products/006061000256/006061000256_01.jpg?1757915162248, https://images-kr.amoremall.com/products/006061000256/006061000256_02.jpg?1757915162248, https://images-kr.amoremall.com/products/006061000256/006061000256_03.jpg?1757915162248, https://images-kr.amoremall.com/products/006061000256/006061000256_04.jpg?1757915162248, https://images-kr.amoremall.com/products/006061000256/006061000256_05.jpg?1757915162248",https://www.amoremall.com/kr/ko/product/detail?onlineProdSn=66807&onlineProdCode=006061000256,2025-12-03 15:04:34
오아,아쿠아 필링기 갈바닉 마사지기 각질 블랙헤드 피지 제거기 워터 삭피기 스킨스크러버,4.61,33,"₩32,900",0%,"₩32,900",N/A,N/A,"https://images-kr.amoremall.com/products/006061000224/006061000224_01.jpg?1746666911027, https://images-kr.amoremall.com/products/006061000224/006061000224_02.jpg?1746666911027",https://www.amoremall.com/kr/ko/product/detail?onlineProdSn=64947&onlineProdCode=006061000224,2025-12-03 15:04:41
오아,멀티쉐이버 전기 전동 휴대용 면도기 남자 코털 정리기,5.0,3,"₩32,900",0%,"₩32,900",N/A,N/A,"https://images-kr.amoremall.com/products/006061000187/006061000187_01.jpg?1736305419018, https://images-kr.amoremall.com/products/006061000187/006061000187_02.jpg?1736305419018, https://images-kr.amoremall.com/products/006061000187/006061000187_03.jpg?1736305419018, https://images-kr.amoremall.com/products/006061000187/006061000187_04.jpg?1736305419018",https://www.amoremall.com/kr/ko/product/detail?onlineProdSn=63722&onlineProdCode=006061000187,2025-12-03 15:04:49
오아,플렌티 에어워셔 4L 자연 기화식 가습기 자동습도조절 공기청정기 통세척,0,0,"₩119,000",25%,"₩89,000",N/A,N/A,"https://images-kr.amoremall.com/products/006061000178/006061000178_01.jpg?1731652025727, https://images-kr.amoremall.com/products/006061000178/006061000178_02.jpg?1731652025727, https://images-kr.amoremall.com/products/006061000178/006061000178_03.jpg?1731652025727, https://images-kr.amoremall.com/products/006061000178/006061000178_04.jpg?1731652025727, https://images-kr.amoremall.com/products/006061000178/006061000178_05.jpg?1731652025727",https://www.amoremall.com/kr/ko/product/detail?onlineProdSn=63148&onlineProdCode=006061000178,2025-12-03 15:04:56
오아,캡슐 미니 휴대용 초음파 가습기 탁상용 무드등,4.36,78,"₩17,900",16%,"₩14,900",N/A,N/A,"https://images-kr.amoremall.com/products/006061000144/006061000144_01.jpg?1733447947520, https://images-kr.amoremall.com/products/006061000144/006061000144_02.jpg?1733447947520, https://images-kr.amoremall.com/products/006061000144/006061000144_03.jpg?1733447947520, https://images-kr.amoremall.com/products/006061000144/006061000144_04.jpg?1733447947520",https://www.amoremall.com/kr/ko/product/detail?onlineProdSn=59903&onlineProdCode=006061000144,2025-12-03 15:05:03
오아,포그니 발 온열 찜질기 수족냉증 전기 찜질팩 매트 온열기,5.0,4,"₩39,900",17%,"₩32,900",N/A,N/A,"https://images-kr.amoremall.com/products/006061000182/006061000182_01.jpg?1731653030504, https://images-kr.amoremall.com/products/006061000182/006061000182_02.jpg?1731653030504, https://images-kr.amoremall.com/products/006061000182/006061000182_03.jpg?1731653030504, https://images-kr.amoremall.com/products/006061000182/006061000182_04.jpg?1731653030504",https://www.amoremall.com/kr/ko/product/detail?onlineProdSn=63152&onlineProdCode=006061000182\,2025-12-03 15:05:10
오아,클린이퓨어PRO 휴대용 칫솔살균기 바람건조 고온히팅 유선 무선 겸용 UVC LED 살균,4.76,51,"₩23,900",0%,"₩23,900",N/A,N/A,"https://images-kr.amoremall.com/products/006061000105/006061000105_01.jpg?1730444572012, https://images-kr.amoremall.com/products/006061000105/006061000105_02.jpg?1730444572012, https://images-kr.amoremall.com/products/006061000105/006061000105_03.jpg?1730444572012, https://images-kr.amoremall.com/products/006061000105/006061000105_04.jpg?1730444572012",https://www.amoremall.com/kr/ko/product/detail?onlineProdSn=56622&onlineProdCode=006061000105,2025-12-03 15:05:24
오아,소닉플로우 미니 드라이기 고속 BLDC 헤어 드라이어 음이온 초경량,0,0,"₩59,900",0%,"₩59,900",N/A,N/A,"https://images-kr.amoremall.com/products/006061000275/006061000275_01.jpg?1762849987317, https://images-kr.amoremall.com/products/006061000275/006061000275_02.jpg?1762849987317, https://images-kr.amoremall.com/products/006061000275/006061000275_03.jpg?1762849987317, https://images-kr.amoremall.com/products/006061000275/006061000275_04.jpg?1762849987317",https://www.amoremall.com/kr/ko/product/detail?onlineProdSn=67427&onlineProdCode=006061000275,2025-12-03 15:05:32
오아,브러쉬 고데기 남자 헤어 매직기 미니 무선 매직기 남자 뿌리볼륨 옆머리,4.58,12,"₩37,900",0%,"₩37,900",N/A,N/A,"https://images-kr.amoremall.com/products/006061000050/006061000050_01.jpg?1730447382284, https://images-kr.amoremall.com/products/006061000050/006061000050_02.jpg?1730447382284, https://images-kr.amoremall.com/products/006061000050/006061000050_03.jpg?1730447382284, https://images-kr.amoremall.com/products/006061000050/006061000050_04.jpg?1730447382284",https://www.amoremall.com/kr/ko/product/detail?onlineProdSn=56553&onlineProdCode=006061000050,2025-12-03 15:05:40
오아,스마트 체중계 PRO 핸드바 8극센서 디지털 체지방 가정용 몸무게 측정기,4.86,7,"₩79,000",0%,"₩79,000",N/A,N/A,"https://images-kr.amoremall.com/products/006061000151/006061000151_01.jpg?1698051418423, https://images-kr.amoremall.com/products/006061000151/006061000151_02.jpg?1698051418423, https://images-kr.amoremall.com/products/006061000151/006061000151_03.jpg?1698051418423, https://images-kr.amoremall.com/products/006061000151/006061000151_04.jpg?1698051418423",https://www.amoremall.com/kr/ko/product/detail?onlineProdSn=59983&onlineProdCode=006061000151,2025-12-03 15:05:47
오아,쿨더마 갈바닉 얼굴 마사지기 EMS 뷰티 피부 디바이스 피부관리기 홈케어 기기,4.84,25,"₩42,900",0%,"₩42,900",N/A,N/A,"https://images-kr.amoremall.com/products/006061000223/006061000223_01.jpg?1746666612899, https://images-kr.amoremall.com/products/006061000223/006061000223_02.jpg?1746666612899",https://www.amoremall.com/kr/ko/product/detail?onlineProdSn=64946&onlineProdCode=006061000223,2025-12-03 15:05:54
오아,미니 캔디핸디난로 휴대용 충전식 손난로 보조배터리,4.0,2,"₩24,900",20%,"₩19,900",N/A,N/A,"https://images-kr.amoremall.com/products/006061000274/006061000274_01.jpg?1762849538613, https://images-kr.amoremall.com/products/006061000274/006061000274_02.jpg?1762849538613, https://images-kr.amoremall.com/products/006061000274/006061000274_03.jpg?1762849538613",https://www.amoremall.com/kr/ko/product/detail?onlineProdSn=67426&onlineProdCode=006061000274,2025-12-03 15:05:59
오아,히트워머 무선 온열 허리 찜질기,0,0,"₩39,900",0%,"₩39,900",N/A,N/A,"https://images-kr.amoremall.com/products/006061000266/006061000266_01.jpg?1761805714927, https://images-kr.amoremall.com/products/006061000266/006061000266_02.jpg?1761805714927, https://images-kr.amoremall.com/products/006061000266/006061000266_03.jpg?1761805714927, https://images-kr.amoremall.com/products/006061000266/006061000266_04.jpg?1761805714927",https://www.amoremall.com/kr/ko/product/detail?onlineProdSn=67286&onlineProdCode=006061000266,2025-12-03 15:06:06
오아,듀얼미스트 무선 미니 사무실 탁상용 차량 휴대용 책상 가습기 USB 텀블러 충전식,4.43,23,"₩29,900",3%,"₩28,900",N/A,N/A,"https://images-kr.amoremall.com/products/006061000023/006061000023_01.jpg?1755150913654, https://images-kr.amoremall.com/products/006061000023/006061000023_02.jpg?1755150913654, https://images-kr.amoremall.com/products/006061000023/006061000023_03.jpg?1755150913654, https://images-kr.amoremall.com/products/006061000023/006061000023_04.jpg?1755150913654",https://www.amoremall.com/kr/ko/product/detail?onlineProdSn=56506&onlineProdCode=006061000023,2025-12-03 15:06:15
