[
  {
    "브랜드": "아이오페",
    "상품명": "슈퍼바이탈 넥앤데콜테 크림 40ml",
    "별점": 4.65,
    "리뷰 개수": 26,
    "원가": "₩50,000",
    "할인율": "15%",
    "판매가": "₩42,500",
    "피부타입별 구매비율": "N/A",
    "연령대별 구매비율": "N/A",
    "상품상세 이미지": "https://images-kr.amoremall.com/products/1764315654412/111130001777/111130001777_00.png?1764315655468, https://images-kr.amoremall.com/products/111130001777/111130001777_01.png?1763965051242, https://images-kr.amoremall.com/products/111130001777/111130001777_02.png?1763962811575, https://images-kr.amoremall.com/products/111130001777/111130001777_03.png?1763962811575, https://images-kr.amoremall.com/products/111130001777/111130001777_04.png?1763962811575",
    "상품 URL": "https://www.amoremall.com/kr/ko/product/detail?onlineProdSn=67621&onlineProdCode=111130001777",
    "크롤링 시간": "2025-12-03 14:31:32"
  },
  {
    "브랜드": "아이오페",
    "상품명": "슈퍼바이탈 크림 세트 50ml",
    "별점": 4.86,
    "리뷰 개수": 2618,
    "원가": "₩130,000",
    "할인율": "18%",
    "판매가": "₩106,600",
    "피부타입별 구매비율": "N/A",
    "연령대별 구매비율": "N/A",
    "상품상세 이미지": "https://images-kr.amoremall.com/products/1764315759451/111130100506/111130100506_00.png?1764315760340, https://images-kr.amoremall.com/products/111130100506/111130100506_01.png?1756792523324, https://images-kr.amoremall.com/products/111130100506/111130100506_02.png?1749534840822, https://images-kr.amoremall.com/products/111130100506/111130100506_03.png?1738282923517, https://images-kr.amoremall.com/products/111130100506/111130100506_04.png?1738282923517, https://images-kr.amoremall.com/products/111130100506/111130100506_05.png?1733113685334, https://images-kr.amoremall.com/products/111130100506/111130100506_06.png?1749534858151",
    "상품 URL": "https://www.amoremall.com/kr/ko/product/detail?onlineProdSn=22205&onlineProdCode=111130100506",
    "크롤링 시간": "2025-12-03 14:31:38"
  },
  {
    "브랜드": "아이오페",
    "상품명": "슈퍼바이탈 기초 2종 세트 (150ml+150ml)",
    "별점": 4.88,
    "리뷰 개수": 6588,
    "원가": "₩139,000",
    "할인율": "23%",
    "판매가": "₩107,030",
    "피부타입별 구매비율": "N/A",
    "연령대별 구매비율": "N/A",
    "상품상세 이미지": "https://images-kr.amoremall.com/products/1764315774881/111130100278/111130100278_00.png?1764315775948, https://images-kr.amoremall.com/products/111130100278/111130100278_01.png?1749553084921, https://images-kr.amoremall.com/products/111130100278/111130100278_02.png?1727623810080",
    "상품 URL": "https://www.amoremall.com/kr/ko/product/detail?onlineProdSn=21456&onlineProdCode=111130100278",
    "크롤링 시간": "2025-12-03 14:31:44"
  },
  {
    "브랜드": "아이오페",
    "상품명": "슈퍼바이탈 아이크림 25ml",
    "별점": 4.76,
    "리뷰 개수": 2127,
    "원가": "₩85,000",
    "할인율": "18%",
    "판매가": "₩69,700",
    "피부타입별 구매비율": "N/A",
    "연령대별 구매비율": "N/A",
    "상품상세 이미지": "https://images-kr.amoremall.com/products/1764315794568/111130000283/111130000283_00.png?1764315795271, https://images-kr.amoremall.com/products/111130000283/111130000283_01.png?1727653677663",
    "상품 URL": "https://www.amoremall.com/kr/ko/product/detail?onlineProdSn=15999&onlineProdCode=111130000283",
    "크롤링 시간": "2025-12-03 14:31:49"
  },
  {
    "브랜드": "아이오페",
    "상품명": "비타민C 엑스퍼트25% 토닝앰플 23ml",
    "별점": 4.72,
    "리뷰 개수": 9560,
    "원가": "₩55,000",
    "할인율": "23%",
    "판매가": "₩42,350",
    "피부타입별 구매비율": "N/A",
    "연령대별 구매비율": "N/A",
    "상품상세 이미지": "https://images-kr.amoremall.com/products/111130001294/111130001294_01.png?1751241513245, https://images-kr.amoremall.com/products/111130001294/111130001294_02.png?1740928878429, https://images-kr.amoremall.com/products/111130001294/111130001294_03.png?1743039128605, https://images-kr.amoremall.com/products/111130001294/111130001294_04.png?1751241513245",
    "상품 URL": "https://www.amoremall.com/kr/ko/product/detail?onlineProdSn=57204&onlineProdCode=111130001294",
    "크롤링 시간": "2025-12-03 14:31:55"
  },
  {
    "브랜드": "아이오페",
    "상품명": "맨 올데이 퍼펙트 올인원 120ml",
    "별점": 4.76,
    "리뷰 개수": 6191,
    "원가": "₩38,000",
    "할인율": "25%",
    "판매가": "₩28,500",
    "피부타입별 구매비율": "N/A",
    "연령대별 구매비율": "N/A",
    "상품상세 이미지": "https://images-kr.amoremall.com/products/111130000331/111130000331_01.png?1750777190931, https://images-kr.amoremall.com/products/111130000331/111130000331_02.png?1743041078158, https://images-kr.amoremall.com/products/111130000331/111130000331_03.png?1743041078158",
    "상품 URL": "https://www.amoremall.com/kr/ko/product/detail?onlineProdSn=19691&onlineProdCode=111130000331",
    "크롤링 시간": "2025-12-03 14:32:01"
  },
  {
    "브랜드": "아이오페",
    "상품명": "멀티 비타민 10% 얼티밋 토닝 겔 마스크 (5매)",
    "별점": 4.76,
    "리뷰 개수": 926,
    "원가": "₩35,000",
    "할인율": "25%",
    "판매가": "₩26,250",
    "피부타입별 구매비율": "N/A",
    "연령대별 구매비율": "N/A",
    "상품상세 이미지": "https://images-kr.amoremall.com/products/111130001749/111130001749_01.png?1760429203683, https://images-kr.amoremall.com/products/111130001749/111130001749_02.png?1760400650547, https://images-kr.amoremall.com/products/111130001749/111130001749_03.png?1760400650547, https://images-kr.amoremall.com/products/111130001749/111130001749_04.png?1760400650547, https://images-kr.amoremall.com/products/111130001749/111130001749_05.png?1760400650547, https://images-kr.amoremall.com/products/111130001749/111130001749_06.png?1760400650547",
    "상품 URL": "https://www.amoremall.com/kr/ko/product/detail?onlineProdSn=66992&onlineProdCode=111130001749",
    "크롤링 시간": "2025-12-03 14:32:07"
  },
  {
    "브랜드": "아이오페",
    "상품명": "레티놀 엑스퍼트 0.1% 링클 코렉터 기획세트 30ml",
    "별점": 4.81,
    "리뷰 개수": 2566,
    "원가": "₩90,000",
    "할인율": "14%",
    "판매가": "₩76,950",
    "피부타입별 구매비율": "N/A",
    "연령대별 구매비율": "N/A",
    "상품상세 이미지": "https://images-kr.amoremall.com/products/111130001387/111130001387_01.png?1743040707330, https://images-kr.amoremall.com/products/111130001387/111130001387_02.jpg?1743040707330, https://images-kr.amoremall.com/products/111130001387/111130001387_03.png?1696473181169, https://images-kr.amoremall.com/products/111130001387/111130001387_04.png?1696473181169, https://images-kr.amoremall.com/products/111130001387/111130001387_05.png?1735570916043",
    "상품 URL": "https://www.amoremall.com/kr/ko/product/detail?onlineProdSn=59744&onlineProdCode=111130001387",
    "크롤링 시간": "2025-12-03 14:32:12"
  },
  {
    "브랜드": "아이오페",
    "상품명": "바이오 컨디셔닝 에센스 168ml",
    "별점": 4.85,
    "리뷰 개수": 3072,
    "원가": "₩60,000",
    "할인율": "25%",
    "판매가": "₩45,000",
    "피부타입별 구매비율": "N/A",
    "연령대별 구매비율": "N/A",
    "상품상세 이미지": "https://images-kr.amoremall.com/products/111130000880/111130000880_01.png?1743040657844, https://images-kr.amoremall.com/products/111130000880/111130000880_02.jpg?1743040657844, https://images-kr.amoremall.com/products/111130000880/111130000880_03.jpg?1743040657844, https://images-kr.amoremall.com/products/111130000880/111130000880_04.jpg?1743040657844, https://images-kr.amoremall.com/products/111130000880/111130000880_05.jpg?1743040657844",
    "상품 URL": "https://www.amoremall.com/kr/ko/product/detail?onlineProdSn=46016&onlineProdCode=111130000880",
    "크롤링 시간": "2025-12-03 14:32:19"
  },
  {
    "브랜드": "아이오페",
    "상품명": "맨 바이오 안티에이징 2종 세트",
    "별점": 4.77,
    "리뷰 개수": 4039,
    "원가": "₩78,000",
    "할인율": "25%",
    "판매가": "₩58,500",
    "피부타입별 구매비율": "N/A",
    "연령대별 구매비율": "N/A",
    "상품상세 이미지": "https://images-kr.amoremall.com/products/111130100202/111130100202_01.png?1749553097203, https://images-kr.amoremall.com/products/111130100202/111130100202_02.jpg?1727850059354, https://images-kr.amoremall.com/products/111130100202/111130100202_03.jpg?1727850059354",
    "상품 URL": "https://www.amoremall.com/kr/ko/product/detail?onlineProdSn=19045&onlineProdCode=111130100202",
    "크롤링 시간": "2025-12-03 14:32:25"
  },
  {
    "브랜드": "아이오페",
    "상품명": "바이오 컨디셔닝 에센스 하이드로 인핸싱 마스크 5매",
    "별점": 4.84,
    "리뷰 개수": 4612,
    "원가": "₩15,000",
    "할인율": "25%",
    "판매가": "₩11,250",
    "피부타입별 구매비율": "N/A",
    "연령대별 구매비율": "N/A",
    "상품상세 이미지": "https://images-kr.amoremall.com/products/111130000882/111130000882_01.jpg?1687854206728",
    "상품 URL": "https://www.amoremall.com/kr/ko/product/detail?onlineProdSn=46025&onlineProdCode=111130000882",
    "크롤링 시간": "2025-12-03 14:32:31"
  },
  {
    "브랜드": "아이오페",
    "상품명": "바이오 컨디셔닝 에센스 하이드로 인핸싱 마스크 10매",
    "별점": 4.89,
    "리뷰 개수": 2085,
    "원가": "₩30,000",
    "할인율": "30%",
    "판매가": "₩21,000",
    "피부타입별 구매비율": "N/A",
    "연령대별 구매비율": "N/A",
    "상품상세 이미지": "https://images-kr.amoremall.com/products/111130001443/111130001443_01.png?1740126910304, https://images-kr.amoremall.com/products/111130001443/111130001443_02.png?1740126910304",
    "상품 URL": "https://www.amoremall.com/kr/ko/product/detail?onlineProdSn=60801&onlineProdCode=111130001443",
    "크롤링 시간": "2025-12-03 14:32:39"
  },
  {
    "브랜드": "아이오페",
    "상품명": "맨 프로 레티놀 올인원 기획세트 120ml",
    "별점": 4.84,
    "리뷰 개수": 1830,
    "원가": "₩38,000",
    "할인율": "25%",
    "판매가": "₩28,500",
    "피부타입별 구매비율": "N/A",
    "연령대별 구매비율": "N/A",
    "상품상세 이미지": "https://images-kr.amoremall.com/products/111130101082/111130101082_01.png?1753076236973, https://images-kr.amoremall.com/products/111130101082/111130101082_02.png?1705888357900, https://images-kr.amoremall.com/products/111130101082/111130101082_03.png?1705888357900",
    "상품 URL": "https://www.amoremall.com/kr/ko/product/detail?onlineProdSn=51660&onlineProdCode=111130101082",
    "크롤링 시간": "2025-12-03 14:32:47"
  },
  {
    "브랜드": "아이오페",
    "상품명": "바이오 컨디셔닝 에센스 폼 클렌저 180ml",
    "별점": 4.76,
    "리뷰 개수": 1564,
    "원가": "₩30,000",
    "할인율": "25%",
    "판매가": "₩22,500",
    "피부타입별 구매비율": "N/A",
    "연령대별 구매비율": "N/A",
    "상품상세 이미지": "https://images-kr.amoremall.com/products/111130001438/111130001438_01.png?1749553072589, https://images-kr.amoremall.com/products/111130001438/111130001438_02.png?1706598496213, https://images-kr.amoremall.com/products/111130001438/111130001438_03.png?1706598496213",
    "상품 URL": "https://www.amoremall.com/kr/ko/product/detail?onlineProdSn=60765&onlineProdCode=111130001438",
    "크롤링 시간": "2025-12-03 14:32:53"
  },
  {
    "브랜드": "아이오페",
    "상품명": "UV 쉴드 선 프로텍터 SPF50+/PA++++ 50ml",
    "별점": 4.8,
    "리뷰 개수": 3566,
    "원가": "₩38,000",
    "할인율": "25%",
    "판매가": "₩28,500",
    "피부타입별 구매비율": "N/A",
    "연령대별 구매비율": "N/A",
    "상품상세 이미지": "https://images-kr.amoremall.com/products/111130000888/111130000888_01.png?1718957883827",
    "상품 URL": "https://www.amoremall.com/kr/ko/product/detail?onlineProdSn=46079&onlineProdCode=111130000888",
    "크롤링 시간": "2025-12-03 14:32:59"
  },
  {
    "브랜드": "아이오페",
    "상품명": "레티놀 세럼 인 겔 마스크 (7매)",
    "별점": 4.78,
    "리뷰 개수": 1029,
    "원가": "₩52,500",
    "할인율": "22%",
    "판매가": "₩40,430",
    "피부타입별 구매비율": "N/A",
    "연령대별 구매비율": "N/A",
    "상품상세 이미지": "https://images-kr.amoremall.com/products/111130101622/111130101622_01.png?1742276339027, https://images-kr.amoremall.com/products/111130101622/111130101622_02.png?1742184938638, https://images-kr.amoremall.com/products/111130101622/111130101622_03.png?1742184938638, https://images-kr.amoremall.com/products/111130101622/111130101622_04.png?1742184938638, https://images-kr.amoremall.com/products/111130101622/111130101622_05.png?1742184938638, https://images-kr.amoremall.com/products/111130101622/111130101622_06.png?1742184938638, https://images-kr.amoremall.com/products/111130101622/111130101622_07.png?1742276339027",
    "상품 URL": "https://www.amoremall.com/kr/ko/product/detail?onlineProdSn=64386&onlineProdCode=111130101622",
    "크롤링 시간": "2025-12-03 14:33:05"
  },
  {
    "브랜드": "아이오페",
    "상품명": "레티놀 슈퍼 바운스 세럼 50ml",
    "별점": 4.83,
    "리뷰 개수": 1891,
    "원가": "₩83,000",
    "할인율": "14%",
    "판매가": "₩70,970",
    "피부타입별 구매비율": "N/A",
    "연령대별 구매비율": "N/A",
    "상품상세 이미지": "https://images-kr.amoremall.com/products/111130001401/111130001401_01.png?1763944561463, https://images-kr.amoremall.com/products/111130001401/111130001401_02.jpg?1763944719310, https://images-kr.amoremall.com/products/111130001401/111130001401_03.jpg?1763944719310, https://images-kr.amoremall.com/products/111130001401/111130001401_04.jpg?1763944719310",
    "상품 URL": "https://www.amoremall.com/kr/ko/product/detail?onlineProdSn=60013&onlineProdCode=111130001401",
    "크롤링 시간": "2025-12-03 14:33:12"
  },
  {
    "브랜드": "아이오페",
    "상품명": "레티놀 레티젝션 세럼 50ml",
    "별점": 4.77,
    "리뷰 개수": 462,
    "원가": "₩88,000",
    "할인율": "14%",
    "판매가": "₩75,240",
    "피부타입별 구매비율": "N/A",
    "연령대별 구매비율": "N/A",
    "상품상세 이미지": "https://images-kr.amoremall.com/products/111130001735/111130001735_01.png?1761702078262, https://images-kr.amoremall.com/products/111130001735/111130001735_02.jpg?1755484872301, https://images-kr.amoremall.com/products/111130001735/111130001735_03.jpg?1755484872301, https://images-kr.amoremall.com/products/111130001735/111130001735_04.jpg?1755484872301",
    "상품 URL": "https://www.amoremall.com/kr/ko/product/detail?onlineProdSn=66535&onlineProdCode=111130001735",
    "크롤링 시간": "2025-12-03 14:33:17"
  },
  {
    "브랜드": "아이오페",
    "상품명": "비타민C 엑스퍼트 40% 마스크 컨센트레이트 15g",
    "별점": 4.62,
    "리뷰 개수": 1395,
    "원가": "₩59,000",
    "할인율": "18%",
    "판매가": "₩48,380",
    "피부타입별 구매비율": "N/A",
    "연령대별 구매비율": "N/A",
    "상품상세 이미지": "https://images-kr.amoremall.com/products/111130001610/111130001610_01.png?1750777182427, https://images-kr.amoremall.com/products/111130001610/111130001610_02.png?1740382028723, https://images-kr.amoremall.com/products/111130001610/111130001610_03.png?1740382073199, https://images-kr.amoremall.com/products/111130001610/111130001610_04.png?1740382073199, https://images-kr.amoremall.com/products/111130001610/111130001610_05.png?1740382073199",
    "상품 URL": "https://www.amoremall.com/kr/ko/product/detail?onlineProdSn=64140&onlineProdCode=111130001610",
    "크롤링 시간": "2025-12-03 14:33:24"
  },
  {
    "브랜드": "아이오페",
    "상품명": "XMD 스템3 클리니컬 리커버리 세럼 50ml",
    "별점": 4.79,
    "리뷰 개수": 675,
    "원가": "₩95,000",
    "할인율": "10%",
    "판매가": "₩85,500",
    "피부타입별 구매비율": "N/A",
    "연령대별 구매비율": "N/A",
    "상품상세 이미지": "https://images-kr.amoremall.com/products/111130001693/111130001693_01.png?1750660794560, https://images-kr.amoremall.com/products/111130001693/111130001693_02.jpg?1752024144775, https://images-kr.amoremall.com/products/111130001693/111130001693_03.jpg?1752024144775, https://images-kr.amoremall.com/products/111130001693/111130001693_04.jpg?1752024144775, https://images-kr.amoremall.com/products/111130001693/111130001693_05.jpg?1752024144775, https://images-kr.amoremall.com/products/111130001693/111130001693_06.jpg?1752024144775, https://images-kr.amoremall.com/products/111130001693/111130001693_07.jpg?1752024144775, https://images-kr.amoremall.com/products/111130001693/111130001693_08.jpg?1752024144775, https://images-kr.amoremall.com/products/111130001693/111130001693_09.jpg?1752024144775",
    "상품 URL": "https://www.amoremall.com/kr/ko/product/detail?onlineProdSn=65867&onlineProdCode=111130001693",
    "크롤링 시간": "2025-12-03 14:33:30"
  }
]