[
  {
    "브랜드": "아모레퍼시픽",
    "상품명": "트리트먼트 엔자임 클렌징 폼 120g",
    "별점": 4.81,
    "리뷰 개수": 1602,
    "원가": "₩42,000",
    "할인율": "10%",
    "판매가": "₩37,800",
    "피부타입별 구매비율": "N/A",
    "연령대별 구매비율": "N/A",
    "상품상세 이미지": "https://images-kr.amoremall.com/products/111380000087/111380000087_01.png?1611885869955, https://images-kr.amoremall.com/products/111380000087/111380000087_02.jpg?1611885869955, https://images-kr.amoremall.com/products/111380000087/111380000087_03.jpg?1611885869955, https://images-kr.amoremall.com/products/111380000087/111380000087_04.jpg?1611885869955, https://images-kr.amoremall.com/products/111380000087/111380000087_05.jpg?1611885869955",
    "상품 URL": "https://www.amoremall.com/kr/ko/product/detail?onlineProdSn=19565&onlineProdCode=111380000087",
    "크롤링 시간": "2025-12-03 14:08:33"
  },
  {
    "브랜드": "아모레퍼시픽",
    "상품명": "모이스춰 플럼핑 넥타 크림 50ml",
    "별점": 4.83,
    "리뷰 개수": 337,
    "원가": "₩150,000",
    "할인율": "10%",
    "판매가": "₩135,000",
    "피부타입별 구매비율": "N/A",
    "연령대별 구매비율": "N/A",
    "상품상세 이미지": "https://images-kr.amoremall.com/products/111380000011/111380000011_01.png?1614734170241",
    "상품 URL": "https://www.amoremall.com/kr/ko/product/detail?onlineProdSn=14973&onlineProdCode=111380000011",
    "크롤링 시간": "2025-12-03 14:08:42"
  },
  {
    "브랜드": "아모레퍼시픽",
    "상품명": "타임 레스폰스 스킨 리뉴얼 미스트 200ml",
    "별점": 4.88,
    "리뷰 개수": 103,
    "원가": "₩120,000",
    "할인율": "10%",
    "판매가": "₩108,000",
    "피부타입별 구매비율": "N/A",
    "연령대별 구매비율": "N/A",
    "상품상세 이미지": "https://images-kr.amoremall.com/products/111380000060/111380000060_01.png?1614816274299, https://images-kr.amoremall.com/products/111380000060/IMG1490AzU917504705.jpg",
    "상품 URL": "https://www.amoremall.com/kr/ko/product/detail?onlineProdSn=19019&onlineProdCode=111380000060",
    "크롤링 시간": "2025-12-03 14:08:49"
  },
  {
    "브랜드": "아모레퍼시픽",
    "상품명": "보태니컬 하이드레이팅 플루이드 160ml",
    "별점": 4.85,
    "리뷰 개수": 213,
    "원가": "₩80,000",
    "할인율": "10%",
    "판매가": "₩72,000",
    "피부타입별 구매비율": "N/A",
    "연령대별 구매비율": "N/A",
    "상품상세 이미지": "https://images-kr.amoremall.com/products/111380000220/111380000220_01.png?1616566752278",
    "상품 URL": "https://www.amoremall.com/kr/ko/product/detail?onlineProdSn=32261&onlineProdCode=111380000220",
    "크롤링 시간": "2025-12-03 14:08:56"
  },
  {
    "브랜드": "아모레퍼시픽",
    "상품명": "타임 레스폰스 스킨 리저브 플루이드 160ml",
    "별점": 4.82,
    "리뷰 개수": 151,
    "원가": "₩220,000",
    "할인율": "10%",
    "판매가": "₩198,000",
    "피부타입별 구매비율": "N/A",
    "연령대별 구매비율": "N/A",
    "상품상세 이미지": "https://images-kr.amoremall.com/products/111380000074/111380000074_01.png?1632701415277, https://images-kr.amoremall.com/products/111380000074/111380000074_02.png?1555377440057",
    "상품 URL": "https://www.amoremall.com/kr/ko/product/detail?onlineProdSn=18844&onlineProdCode=111380000074",
    "크롤링 시간": "2025-12-03 14:09:02"
  },
  {
    "브랜드": "아모레퍼시픽",
    "상품명": "타임 레스폰스 스킨 리저브 토너 200ml",
    "별점": 4.81,
    "리뷰 개수": 101,
    "원가": "₩200,000",
    "할인율": "10%",
    "판매가": "₩180,000",
    "피부타입별 구매비율": "N/A",
    "연령대별 구매비율": "N/A",
    "상품상세 이미지": "https://images-kr.amoremall.com/products/111380000093/111380000093_01.png?1632701415277, https://images-kr.amoremall.com/products/111380000093/111380000093_02.png?1555377440057",
    "상품 URL": "https://www.amoremall.com/kr/ko/product/detail?onlineProdSn=16855&onlineProdCode=111380000093",
    "크롤링 시간": "2025-12-03 14:09:08"
  },
  {
    "브랜드": "아모레퍼시픽",
    "상품명": "보태니컬 수딩 토너 200ml",
    "별점": 4.86,
    "리뷰 개수": 192,
    "원가": "₩90,000",
    "할인율": "10%",
    "판매가": "₩81,000",
    "피부타입별 구매비율": "N/A",
    "연령대별 구매비율": "N/A",
    "상품상세 이미지": "https://images-kr.amoremall.com/products/111380000219/111380000219_01.png?1617759600861",
    "상품 URL": "https://www.amoremall.com/kr/ko/product/detail?onlineProdSn=32260&onlineProdCode=111380000219",
    "크롤링 시간": "2025-12-03 14:09:17"
  }
]
