﻿브랜드,상품명,별점,리뷰 개수,원가,할인율,판매가,피부타입별 구매비율,연령대별 구매비율,상품상세 이미지,상품 URL,크롤링 시간
에이피뷰티,리쥬브네이팅 부스터 샷 엠디 세럼 30ml,4.91,77,"₩132,000",10%,"₩118,800",N/A,N/A,"https://images-kr.amoremall.com/products/1764034996041/111480000084/111480000084_00.jpg?1764034997309, https://images-kr.amoremall.com/products/111480000084/111480000084_01.jpg?1757404743167, https://images-kr.amoremall.com/products/111480000084/111480000084_02.png?1757404743167, https://images-kr.amoremall.com/products/111480000084/111480000084_03.png?1757404773399, https://images-kr.amoremall.com/products/111480000084/111480000084_04.png?1757404773399, https://images-kr.amoremall.com/products/111480000084/111480000084_05.png?1757404773399",https://www.amoremall.com/kr/ko/product/detail?onlineProdSn=66734&onlineProdCode=111480000084,2025-12-03 14:49:40
에이피뷰티,에이피 리파이닝 파우더 투 폼 클렌저 55g,4.9,134,"₩79,000",10%,"₩71,100",N/A,N/A,"https://images-kr.amoremall.com/products/1764035955691/111380000439/111380000439_00.jpg?1764035956889, https://images-kr.amoremall.com/products/111380000439/111380000439_01.png?1734051854972",https://www.amoremall.com/kr/ko/product/detail?onlineProdSn=61432&onlineProdCode=111380000439,2025-12-03 14:49:48
에이피뷰티,에이피 얼티밋 오일 투 밀크 클렌저 200ml,4.84,101,"₩72,000",10%,"₩64,800",N/A,N/A,"https://images-kr.amoremall.com/products/1764035994404/111480000023/111480000023_00.jpg?1764035995330, https://images-kr.amoremall.com/products/111480000023/111480000023_01.png?1739435552810, https://images-kr.amoremall.com/products/111480000023/111480000023_02.png?1739435552810, https://images-kr.amoremall.com/products/111480000023/111480000023_03.png?1739435552810, https://images-kr.amoremall.com/products/111480000023/111480000023_04.png?1739435552810",https://www.amoremall.com/kr/ko/product/detail?onlineProdSn=63993&onlineProdCode=111480000023,2025-12-03 14:49:54
에이피뷰티,리쥬브네이팅 트리트먼트 엠디 크림 50ml,4.72,163,"₩132,000",10%,"₩118,800",N/A,N/A,"https://images-kr.amoremall.com/products/1764035045573/111480000085/111480000085_00.jpg?1764035046524, https://images-kr.amoremall.com/products/111480000085/111480000085_01.png?1757403812483, https://images-kr.amoremall.com/products/111480000085/111480000085_02.png?1757403812483, https://images-kr.amoremall.com/products/111480000085/111480000085_03.png?1757403812483, https://images-kr.amoremall.com/products/111480000085/111480000085_04.png?1757403812483",https://www.amoremall.com/kr/ko/product/detail?onlineProdSn=66735&onlineProdCode=111480000085,2025-12-03 14:50:00
에이피뷰티,[리필/케이스 택] 프라임 리저브 리트리니티 메쉬 파운데이션 12g,4.75,292,"₩34,000",10%,"₩30,600",N/A,N/A,"https://images-kr.amoremall.com/products/1764036514655/111480000013/111480000013_00.jpg?1764036515594, https://images-kr.amoremall.com/products/111480000013/111480000013_01.png?1734079131758, https://images-kr.amoremall.com/products/111480000013/111480000013_02.png?1734079131758, https://images-kr.amoremall.com/products/111480000013/111480000013_03.png?1734079131758, https://images-kr.amoremall.com/products/111480000013/111480000013_04.png?1734079131758, https://images-kr.amoremall.com/products/111480000013/111480000013_05.png?1734079131758, https://images-kr.amoremall.com/products/111480000013/111480000013_09.png?1734079131758",https://www.amoremall.com/kr/ko/product/detail?onlineProdSn=63214&onlineProdCode=111480000013,2025-12-03 14:50:10
에이피뷰티,에이피 듀얼 리페어 리프트 크림 50 ml,4.92,26,"₩415,000",10%,"₩373,500",N/A,N/A,"https://images-kr.amoremall.com/products/1764035447983/111380000430/111380000430_00.jpg?1764035449248, https://images-kr.amoremall.com/products/111380000430/111380000430_01.png?1733121405229",https://www.amoremall.com/kr/ko/product/detail?onlineProdSn=61420&onlineProdCode=111380000430,2025-12-03 14:50:51
에이피뷰티,에이피 듀얼 리페어 리프트 크림 30ml,4.96,23,"₩260,000",10%,"₩234,000",N/A,N/A,"https://images-kr.amoremall.com/products/1764035110442/111480000010/111480000010_00.jpg?1764035111508, https://images-kr.amoremall.com/products/111480000010/111480000010_01.png?1733121405229, https://images-kr.amoremall.com/products/111480000010/111480000010_02.png?1730277522916, https://images-kr.amoremall.com/products/111480000010/111480000010_03.png?1730277522916, https://images-kr.amoremall.com/products/111480000010/111480000010_04.png?1730277522916",https://www.amoremall.com/kr/ko/product/detail?onlineProdSn=62995&onlineProdCode=111480000010,2025-12-03 14:50:57
에이피뷰티,에이피 프라임 리저브 리트리니티 메쉬 파운데이션 스펀지 2개입,4.92,404,"₩14,000",10%,"₩12,600",N/A,N/A,"https://images-kr.amoremall.com/products/111480000009/111480000009_01.png?1763942597440, https://images-kr.amoremall.com/products/111480000009/111480000009_02.png?1729584951526, https://images-kr.amoremall.com/products/111480000009/111480000009_03.png?1729584951526",https://www.amoremall.com/kr/ko/product/detail?onlineProdSn=62939&onlineProdCode=111480000009,2025-12-03 14:51:02
에이피뷰티,에이피 에이오 리부트 앤 리뉴 더블 컨센트레이트 40ml,5.0,11,"₩198,000",10%,"₩178,200",N/A,N/A,"https://images-kr.amoremall.com/products/1764036310717/111480000008/111480000008_00.jpg?1764036311760, https://images-kr.amoremall.com/products/111480000008/111480000008_01.png?1733121405229, https://images-kr.amoremall.com/products/111480000008/111480000008_02.png?1728864730118, https://images-kr.amoremall.com/products/111480000008/111480000008_03.png?1728864730118, https://images-kr.amoremall.com/products/111480000008/111480000008_04.png?1728864730118",https://www.amoremall.com/kr/ko/product/detail?onlineProdSn=62851&onlineProdCode=111480000008,2025-12-03 14:53:34
에이피뷰티,에이피 프라임 리저브 리트리니티 크림 50ml,4.0,2,"₩610,000",10%,"₩549,000",N/A,N/A,"https://images-kr.amoremall.com/products/1764037330657/111480000005/111480000005_00.jpg?1764037331751, https://images-kr.amoremall.com/products/111480000005/111480000005_01.png?1733121405229",https://www.amoremall.com/kr/ko/product/detail?onlineProdSn=61494&onlineProdCode=111480000005,2025-12-03 14:53:42
에이피뷰티,에이피 리프트 앤 리뉴 더블 샷 프로그램 3ea,4.67,15,"₩445,000",10%,"₩400,500",N/A,N/A,"https://images-kr.amoremall.com/products/1764035535653/111480000003/111480000003_00.jpg?1764035536684, https://images-kr.amoremall.com/products/111480000003/111480000003_01.png?1733121405229",https://www.amoremall.com/kr/ko/product/detail?onlineProdSn=61492&onlineProdCode=111480000003,2025-12-03 14:53:49
에이피뷰티,에이피 에이오 리부트 앤 리뉴 에센스 150ml,4.68,66,"₩152,000",10%,"₩136,800",N/A,N/A,"https://images-kr.amoremall.com/products/1764036270095/111380000417/111380000417_00.jpg?1764036271389, https://images-kr.amoremall.com/products/111380000417/111380000417_01.png?1739259496214, https://images-kr.amoremall.com/products/111380000417/111380000417_02.png?1739259496214, https://images-kr.amoremall.com/products/111380000417/111380000417_03.png?1739259496214, https://images-kr.amoremall.com/products/111380000417/111380000417_04.png?1739259496214",https://www.amoremall.com/kr/ko/product/detail?onlineProdSn=60764&onlineProdCode=111380000417,2025-12-03 14:54:03
에이피뷰티,마이크로파인 인텐시브 크림 투 폼 클렌저 150g,4.87,123,"₩53,000",10%,"₩47,700",N/A,N/A,"https://images-kr.amoremall.com/products/1764036069436/111480000036/111480000036_00.jpg?1764036070405, https://images-kr.amoremall.com/products/111480000036/111480000036_01.png?1744014274142, https://images-kr.amoremall.com/products/111480000036/111480000036_02.png?1744014274142, https://images-kr.amoremall.com/products/111480000036/111480000036_03.png?1744014274142, https://images-kr.amoremall.com/products/111480000036/111480000036_04.png?1744014274142, https://images-kr.amoremall.com/products/111480000036/111480000036_05.png?1744014274142",https://www.amoremall.com/kr/ko/product/detail?onlineProdSn=64627&onlineProdCode=111480000036,2025-12-03 14:54:28
에이피뷰티,에이피 에이오 리부트 앤 리뉴 크림,4.91,22,"₩210,000",10%,"₩189,000",N/A,N/A,"https://images-kr.amoremall.com/products/1764036355922/111480000007/111480000007_00.jpg?1764036356740, https://images-kr.amoremall.com/products/111480000007/111480000007_01.png?1733121405229, https://images-kr.amoremall.com/products/111480000007/111480000007_02.jpg?1727670110477, https://images-kr.amoremall.com/products/111480000007/111480000007_03.jpg?1727670110477, https://images-kr.amoremall.com/products/111480000007/111480000007_04.jpg?1727670110477, https://images-kr.amoremall.com/products/111480000007/111480000007_05.jpg?1727670110477, https://images-kr.amoremall.com/products/111480000007/111480000007_06.jpg?1727670110477, https://images-kr.amoremall.com/products/111480000007/111480000007_07.jpg?1727670110477",https://www.amoremall.com/kr/ko/product/detail?onlineProdSn=62794&onlineProdCode=111480000007,2025-12-03 14:54:35
에이피뷰티,에이피 리프트 앤 펌 듀얼 아이 트리트먼트,4.76,17,"₩229,000",10%,"₩206,100",N/A,N/A,"https://images-kr.amoremall.com/products/1764035496073/111380000434/111380000434_00.jpg?1764035497157, https://images-kr.amoremall.com/products/111380000434/111380000434_01.png?1733121405229",https://www.amoremall.com/kr/ko/product/detail?onlineProdSn=61425&onlineProdCode=111380000434,2025-12-03 14:54:41
에이피뷰티,에이피 듀얼 리페어 리프트 리퀴드 크림 120ml,4.92,25,"₩245,000",10%,"₩220,500",N/A,N/A,"https://images-kr.amoremall.com/products/1764035688066/111380000431/111380000431_00.jpg?1764035689177, https://images-kr.amoremall.com/products/111380000431/111380000431_01.png?1733121405229",https://www.amoremall.com/kr/ko/product/detail?onlineProdSn=61422&onlineProdCode=111380000431,2025-12-03 14:54:53
에이피뷰티,에이오 트리플 디펜스 에어리 선 세럼 40ml,4.85,163,"₩89,000",10%,"₩80,100",N/A,N/A,"https://images-kr.amoremall.com/products/1764036404076/111480000012/111480000012_00.jpg?1764036405286, https://images-kr.amoremall.com/products/111480000012/111480000012_01.png?1733121405229, https://images-kr.amoremall.com/products/111480000012/111480000012_02.png?1731654713828",https://www.amoremall.com/kr/ko/product/detail?onlineProdSn=63154&onlineProdCode=111480000012,2025-12-03 14:55:00
에이피뷰티,에이피 리프트 앤 리뉴 더블 샷 프로그램 1ea,4.94,16,"₩170,000",10%,"₩153,000",N/A,N/A,"https://images-kr.amoremall.com/products/1764035618267/111380000433/111380000433_00.jpg?1764035619458, https://images-kr.amoremall.com/products/111380000433/111380000433_01.png?1733121405229",https://www.amoremall.com/kr/ko/product/detail?onlineProdSn=61424&onlineProdCode=111380000433,2025-12-03 14:55:10
에이피뷰티,에이피 리프트 앤 리뉴 더블 샷 프로그램 1ea,4.94,16,"₩170,000",10%,"₩153,000",N/A,N/A,"https://images-kr.amoremall.com/products/1764035618267/111380000433/111380000433_00.jpg?1764035619458, https://images-kr.amoremall.com/products/111380000433/111380000433_01.png?1733121405229",https://www.amoremall.com/kr/ko/product/detail?onlineProdSn=61424&onlineProdCode=111380000433,2025-12-03 14:55:19
에이피뷰티,에이오 트리플 디펜스 에어리 선 세럼 40ml,4.85,163,"₩89,000",10%,"₩80,100",N/A,N/A,"https://images-kr.amoremall.com/products/1764036404076/111480000012/111480000012_00.jpg?1764036405286, https://images-kr.amoremall.com/products/111480000012/111480000012_01.png?1733121405229, https://images-kr.amoremall.com/products/111480000012/111480000012_02.png?1731654713828",https://www.amoremall.com/kr/ko/product/detail?onlineProdSn=63154&onlineProdCode=111480000012,2025-12-03 14:55:33
