[
  {
    "브랜드": "오딧세이",
    "상품명": "로맨틱 스페셜 2종 세트 (130ml+130ml)",
    "별점": 4.88,
    "리뷰 개수": 2116,
    "원가": "₩59,800",
    "할인율": "30%",
    "판매가": "₩41,860",
    "피부타입별 구매비율": "N/A",
    "연령대별 구매비율": "N/A",
    "상품상세 이미지": "https://images-kr.amoremall.com/products/111110000071/111110000071_01.png?1764114296062",
    "상품 URL": "https://www.amoremall.com/kr/ko/product/detail?onlineProdSn=59822&onlineProdCode=111110000071",
    "크롤링 시간": "2025-12-03 14:58:39"
  },
  {
    "브랜드": "오딧세이",
    "상품명": "블랙 스페셜 2종 세트 (130ml+130ml)",
    "별점": 4.91,
    "리뷰 개수": 1586,
    "원가": "₩79,800",
    "할인율": "30%",
    "판매가": "₩55,860",
    "피부타입별 구매비율": "N/A",
    "연령대별 구매비율": "N/A",
    "상품상세 이미지": "https://images-kr.amoremall.com/products/111110000074/111110000074_01.png?1764114708236",
    "상품 URL": "https://www.amoremall.com/kr/ko/product/detail?onlineProdSn=59825&onlineProdCode=111110000074",
    "크롤링 시간": "2025-12-03 14:58:45"
  },
  {
    "브랜드": "오딧세이",
    "상품명": "로맨틱 스킨 리파이너 130ml",
    "별점": 4.89,
    "리뷰 개수": 614,
    "원가": "₩29,900",
    "할인율": "20%",
    "판매가": "₩23,920",
    "피부타입별 구매비율": "N/A",
    "연령대별 구매비율": "N/A",
    "상품상세 이미지": "https://images-kr.amoremall.com/products/111110000069/111110000069_01.png?1696474395563",
    "상품 URL": "https://www.amoremall.com/kr/ko/product/detail?onlineProdSn=59819&onlineProdCode=111110000069",
    "크롤링 시간": "2025-12-03 14:58:50"
  },
  {
    "브랜드": "오딧세이",
    "상품명": "로맨틱 에멀전 130ml",
    "별점": 4.91,
    "리뷰 개수": 266,
    "원가": "₩29,900",
    "할인율": "20%",
    "판매가": "₩23,920",
    "피부타입별 구매비율": "N/A",
    "연령대별 구매비율": "N/A",
    "상품상세 이미지": "https://images-kr.amoremall.com/products/111110000070/111110000070_01.png?1696474432734",
    "상품 URL": "https://www.amoremall.com/kr/ko/product/detail?onlineProdSn=59820&onlineProdCode=111110000070",
    "크롤링 시간": "2025-12-03 14:58:55"
  },
  {
    "브랜드": "오딧세이",
    "상품명": "블랙 에멀전 130ml",
    "별점": 4.9,
    "리뷰 개수": 135,
    "원가": "₩39,900",
    "할인율": "20%",
    "판매가": "₩31,920",
    "피부타입별 구매비율": "N/A",
    "연령대별 구매비율": "N/A",
    "상품상세 이미지": "https://images-kr.amoremall.com/products/111110000073/111110000073_01.png?1696474195394",
    "상품 URL": "https://www.amoremall.com/kr/ko/product/detail?onlineProdSn=59824&onlineProdCode=111110000073",
    "크롤링 시간": "2025-12-03 14:59:01"
  },
  {
    "브랜드": "오딧세이",
    "상품명": "챕터파이브 생츄어리 2종 세트",
    "별점": 4.87,
    "리뷰 개수": 203,
    "원가": "₩82,000",
    "할인율": "0%",
    "판매가": "₩82,000",
    "피부타입별 구매비율": "N/A",
    "연령대별 구매비율": "N/A",
    "상품상세 이미지": "https://images-kr.amoremall.com/products/111110000082/111110000082_01.png?1703756130869, https://images-kr.amoremall.com/products/111110000082/111110000082_03.png?1703756130869, https://images-kr.amoremall.com/products/111110000082/111110000082_04.png?1703756130869",
    "상품 URL": "https://www.amoremall.com/kr/ko/product/detail?onlineProdSn=60523&onlineProdCode=111110000082",
    "크롤링 시간": "2025-12-03 14:59:07"
  },
  {
    "브랜드": "오딧세이",
    "상품명": "블랙 스킨 리파이너 130ml",
    "별점": 4.83,
    "리뷰 개수": 282,
    "원가": "₩39,900",
    "할인율": "20%",
    "판매가": "₩31,920",
    "피부타입별 구매비율": "N/A",
    "연령대별 구매비율": "N/A",
    "상품상세 이미지": "https://images-kr.amoremall.com/products/111110000072/111110000072_01.png?1696474507232",
    "상품 URL": "https://www.amoremall.com/kr/ko/product/detail?onlineProdSn=59823&onlineProdCode=111110000072",
    "크롤링 시간": "2025-12-03 14:59:14"
  },
  {
    "브랜드": "오딧세이",
    "상품명": "챕터파이브 라이트하우스 2종 세트",
    "별점": 4.92,
    "리뷰 개수": 165,
    "원가": "₩82,000",
    "할인율": "20%",
    "판매가": "₩65,600",
    "피부타입별 구매비율": "N/A",
    "연령대별 구매비율": "N/A",
    "상품상세 이미지": "https://images-kr.amoremall.com/products/111110000081/111110000081_01.png?1736139423569, https://images-kr.amoremall.com/products/111110000081/111110000081_03.png?1703755925209, https://images-kr.amoremall.com/products/111110000081/111110000081_04.png?1703755925209",
    "상품 URL": "https://www.amoremall.com/kr/ko/product/detail?onlineProdSn=60522&onlineProdCode=111110000081",
    "크롤링 시간": "2025-12-03 14:59:20"
  },
  {
    "브랜드": "오딧세이",
    "상품명": "오딧세이xMMY 콜라보레이션 크로스백",
    "별점": 0,
    "리뷰 개수": 0,
    "원가": "₩20,000",
    "할인율": "0%",
    "판매가": "₩20,000",
    "피부타입별 구매비율": "N/A",
    "연령대별 구매비율": "N/A",
    "상품상세 이미지": "https://images-kr.amoremall.com/products/111110000122/111110000122_01.png?1764720063889, https://images-kr.amoremall.com/products/111110000122/111110000122_02.png?1764720063889, https://images-kr.amoremall.com/products/111110000122/111110000122_03.png?1764720063889",
    "상품 URL": "https://www.amoremall.com/kr/ko/product/detail?onlineProdSn=67781&onlineProdCode=111110000122",
    "크롤링 시간": "2025-12-03 14:59:26"
  },
  {
    "브랜드": "오딧세이",
    "상품명": "오딧세이xMMY 콜라보레이션 토트백",
    "별점": 0,
    "리뷰 개수": 0,
    "원가": "₩30,000",
    "할인율": "0%",
    "판매가": "₩30,000",
    "피부타입별 구매비율": "N/A",
    "연령대별 구매비율": "N/A",
    "상품상세 이미지": "https://images-kr.amoremall.com/products/111110000123/111110000123_01.png?1764720223963, https://images-kr.amoremall.com/products/111110000123/111110000123_02.png?1764720223963, https://images-kr.amoremall.com/products/111110000123/111110000123_03.png?1764720223963",
    "상품 URL": "https://www.amoremall.com/kr/ko/product/detail?onlineProdSn=67782&onlineProdCode=111110000123",
    "크롤링 시간": "2025-12-03 14:59:33"
  }
]