[
  {
    "브랜드": "유행화장",
    "상품명": "2022 프로젝트 아모레 유행화장 단행본",
    "별점": 4.82,
    "리뷰 개수": 11,
    "원가": "₩32,000",
    "할인율": "5%",
    "판매가": "₩30,400",
    "피부타입별 구매비율": "N/A",
    "연령대별 구매비율": "N/A",
    "상품상세 이미지": "https://images-kr.amoremall.com/products/202100000001/202100000001_01.gif?1660877833344, https://images-kr.amoremall.com/products/202100000001/202100000001_02.png?1660877833344, https://images-kr.amoremall.com/products/202100000001/202100000001_03.png?1660877833344, https://images-kr.amoremall.com/products/202100000001/202100000001_04.jpg?1660877845520",
    "상품 URL": "https://www.amoremall.com/kr/ko/product/detail?onlineProdSn=53785&onlineProdCode=202100000001",
    "크롤링 시간": "2025-12-03 15:08:40"
  }
]