﻿브랜드,상품명,별점,리뷰 개수,원가,할인율,판매가,피부타입별 구매비율,연령대별 구매비율,상품상세 이미지,상품 URL,크롤링 시간
에스쁘아,[디즈니에디션] 비벨벳 커버쿠션 기획세트 SPF42/PA++ (본품 13g + 리필 13g),4.76,757,"₩40,000",30%,"₩28,000",N/A,N/A,"https://images-kr.amoremall.com/products/611120000729/611120000729_01.jpg?1761287057139, https://images-kr.amoremall.com/products/611120000729/611120000729_02.jpg?1747880508221, https://images-kr.amoremall.com/products/611120000729/611120000729_03.jpg?1747880508221, https://images-kr.amoremall.com/products/611120000729/611120000729_04.png?1747890525352, https://images-kr.amoremall.com/products/611120000729/611120000729_05.jpg?1747880508221, https://images-kr.amoremall.com/products/611120000729/611120000729_06.jpg?1747880508221, https://images-kr.amoremall.com/products/611120000729/611120000729_07.jpg?1747880508221, https://images-kr.amoremall.com/products/611120000729/611120000729_08.jpg?1747880508221, https://images-kr.amoremall.com/products/611120000729/611120000729_09.jpg?1747880508221",https://www.amoremall.com/kr/ko/product/detail?onlineProdSn=65333&onlineProdCode=611120000729,2025-12-03 14:42:18
에스쁘아,[디즈니에디션] 아이 코어 팔레트 기획세트,4.8,306,"₩36,000",30%,"₩25,200",N/A,N/A,"https://images-kr.amoremall.com/products/611120000731/611120000731_01.jpg?1761287276448, https://images-kr.amoremall.com/products/611120000731/611120000731_02.jpg?1747876459352, https://images-kr.amoremall.com/products/611120000731/611120000731_03.jpg?1747876459352, https://images-kr.amoremall.com/products/611120000731/611120000731_04.jpg?1747876459352, https://images-kr.amoremall.com/products/611120000731/611120000731_05.jpg?1747876051536, https://images-kr.amoremall.com/products/611120000731/611120000731_06.jpg?1747876051536, https://images-kr.amoremall.com/products/611120000731/611120000731_07.jpg?1747876051536, https://images-kr.amoremall.com/products/611120000731/611120000731_08.png?1747876051536, https://images-kr.amoremall.com/products/611120000731/611120000731_09.png?1747876051536, https://images-kr.amoremall.com/products/611120000731/611120000731_10.png?1747890489765",https://www.amoremall.com/kr/ko/product/detail?onlineProdSn=65335&onlineProdCode=611120000731,2025-12-03 14:42:25
에스쁘아,[10EA] 비글로우 볼륨쿠션 에어 퍼프,4.85,509,"₩20,000",30%,"₩14,000",N/A,N/A,"https://images-kr.amoremall.com/products/611120000709/611120000709_01.png?1736733379224, https://images-kr.amoremall.com/products/611120000709/611120000709_02.png?1736733379224",https://www.amoremall.com/kr/ko/product/detail?onlineProdSn=63783&onlineProdCode=611120000709,2025-12-03 14:42:30
에스쁘아,[NEW COLOR] 더 브로우 밸런스 펜슬 0.1g,4.81,1727,"₩16,000",20%,"₩12,800",N/A,N/A,"https://images-kr.amoremall.com/products/611120000525/611120000525_01.png?1656551185490, https://images-kr.amoremall.com/products/611120000525/611120000525_02.jpg?1702530611073, https://images-kr.amoremall.com/products/611120000525/611120000525_03.jpg?1702530611073",https://www.amoremall.com/kr/ko/product/detail?onlineProdSn=53360&onlineProdCode=611120000525,2025-12-03 14:42:35
에스쁘아,[디즈니에디션] 블러리 치크,4.84,382,"₩22,000",30%,"₩15,400",N/A,N/A,"https://images-kr.amoremall.com/products/611120000728/611120000728_01.png?1761287424759, https://images-kr.amoremall.com/products/611120000728/611120000728_02.jpg?1747877452735, https://images-kr.amoremall.com/products/611120000728/611120000728_03.jpg?1747877452735, https://images-kr.amoremall.com/products/611120000728/611120000728_04.jpg?1747877452735, https://images-kr.amoremall.com/products/611120000728/611120000728_05.jpg?1747877814296, https://images-kr.amoremall.com/products/611120000728/611120000728_06.jpg?1747877814296, https://images-kr.amoremall.com/products/611120000728/611120000728_07.jpg?1747877814296, https://images-kr.amoremall.com/products/611120000728/611120000728_08.jpg?1747877814296, https://images-kr.amoremall.com/products/611120000728/611120000728_09.jpg?1747877973662, https://images-kr.amoremall.com/products/611120000728/611120000728_10.png?1747890458193",https://www.amoremall.com/kr/ko/product/detail?onlineProdSn=65332&onlineProdCode=611120000728,2025-12-03 14:42:41
에스쁘아,[NEW COLOR] 노웨어 립스틱 바밍글로우 3g,4.77,1393,"₩24,000",15%,"₩20,400",N/A,N/A,"https://images-kr.amoremall.com/products/611120000627/611120000627_01.png?1763445735702, https://images-kr.amoremall.com/products/611120000627/611120000627_02.jpg?1763445735702, https://images-kr.amoremall.com/products/611120000627/611120000627_03.png?1763445735702, https://images-kr.amoremall.com/products/611120000627/611120000627_04.png?1763445735702, https://images-kr.amoremall.com/products/611120000627/611120000627_05.png?1746577279587, https://images-kr.amoremall.com/products/611120000627/611120000627_06.png?1746577279587, https://images-kr.amoremall.com/products/611120000627/611120000627_07.png?1723734613172, https://images-kr.amoremall.com/products/611120000627/611120000627_08.png?1723734613172, https://images-kr.amoremall.com/products/611120000627/611120000627_09.jpg?1759278395211, https://images-kr.amoremall.com/products/611120000627/611120000627_10.jpg?1759278395211",https://www.amoremall.com/kr/ko/product/detail?onlineProdSn=60808&onlineProdCode=611120000627,2025-12-03 14:42:47
에스쁘아,꾸뛰르 립 틴트 글레이즈 4g,4.82,1193,"₩22,000",20%,"₩17,600",N/A,N/A,"https://images-kr.amoremall.com/products/611120000702/611120000702_01.png?1753920978779, https://images-kr.amoremall.com/products/611120000702/611120000702_02.png?1753920978779, https://images-kr.amoremall.com/products/611120000702/611120000702_03.png?1737352461947, https://images-kr.amoremall.com/products/611120000702/611120000702_04.png?1737352461947, https://images-kr.amoremall.com/products/611120000702/611120000702_05.png?1737352461947, https://images-kr.amoremall.com/products/611120000702/611120000702_06.png?1753920978779, https://images-kr.amoremall.com/products/611120000702/611120000702_07.png?1753921001785, https://images-kr.amoremall.com/products/611120000702/611120000702_08.jpg?1737353984610",https://www.amoremall.com/kr/ko/product/detail?onlineProdSn=63667&onlineProdCode=611120000702,2025-12-03 14:42:53
에스쁘아,[5EA] 비글로우 볼륨쿠션 에어 퍼프,4.83,932,"₩10,000",20%,"₩8,000",N/A,N/A,https://images-kr.amoremall.com/products/611120000678/611120000678_01.png?1725322300961,https://www.amoremall.com/kr/ko/product/detail?onlineProdSn=62618&onlineProdCode=611120000678,2025-12-03 14:42:58
에스쁘아,베어 글로우 립밤 3g,4.64,368,"₩24,000",20%,"₩19,200",N/A,N/A,"https://images-kr.amoremall.com/products/611120000770/611120000770_01.jpg?1759278588987, https://images-kr.amoremall.com/products/611120000770/611120000770_02.jpg?1759278608938, https://images-kr.amoremall.com/products/611120000770/611120000770_03.png?1759278608938, https://images-kr.amoremall.com/products/611120000770/611120000770_04.png?1753081102893, https://images-kr.amoremall.com/products/611120000770/611120000770_05.jpg?1753244321977, https://images-kr.amoremall.com/products/611120000770/611120000770_06.jpg?1759278588987, https://images-kr.amoremall.com/products/611120000770/611120000770_07.jpg?1759278588987",https://www.amoremall.com/kr/ko/product/detail?onlineProdSn=66110&onlineProdCode=611120000770,2025-12-03 14:43:04
에스쁘아,꾸뛰르 립 틴트 (글레이즈/피팅 블러) 4g,4.85,41,"₩22,000",0%,"₩22,000",N/A,N/A,"https://images-kr.amoremall.com/products/611120000804/611120000804_01.png?1753920978779, https://images-kr.amoremall.com/products/611120000804/611120000804_02.png?1753920978779, https://images-kr.amoremall.com/products/611120000804/611120000804_03.png?1762321871660, https://images-kr.amoremall.com/products/611120000804/611120000804_04.png?1737352461947, https://images-kr.amoremall.com/products/611120000804/611120000804_05.jpg?1762321871660, https://images-kr.amoremall.com/products/611120000804/611120000804_06.png?1753920978779, https://images-kr.amoremall.com/products/611120000804/611120000804_07.png?1762499806823",https://www.amoremall.com/kr/ko/product/detail?onlineProdSn=67375&onlineProdCode=611120000804,2025-12-03 14:43:11
에스쁘아,비글로우 파운데이션 SPF27/PA++ 30g,4.78,366,"₩42,000",15%,"₩35,700",N/A,N/A,"https://images-kr.amoremall.com/products/611120000698/611120000698_01.png?1736497205558, https://images-kr.amoremall.com/products/611120000698/611120000698_02.png?1736401894062, https://images-kr.amoremall.com/products/611120000698/611120000698_03.png?1736401894062, https://images-kr.amoremall.com/products/611120000698/611120000698_04.png?1736497205558, https://images-kr.amoremall.com/products/611120000698/611120000698_05.png?1736401894062, https://images-kr.amoremall.com/products/611120000698/611120000698_06.png?1736401894062, https://images-kr.amoremall.com/products/611120000698/611120000698_07.png?1736401894062, https://images-kr.amoremall.com/products/611120000698/611120000698_08.png?1736401894062",https://www.amoremall.com/kr/ko/product/detail?onlineProdSn=63661&onlineProdCode=611120000698,2025-12-03 14:43:17
에스쁘아,스트로빙 하이라이터 8g,4.82,417,"₩30,000",20%,"₩24,000",N/A,N/A,"https://images-kr.amoremall.com/products/611120000779/611120000779_01.jpg?1759278186042, https://images-kr.amoremall.com/products/611120000779/611120000779_02.png?1755496457776, https://images-kr.amoremall.com/products/611120000779/611120000779_03.png?1755496457776, https://images-kr.amoremall.com/products/611120000779/611120000779_04.png?1755496457776, https://images-kr.amoremall.com/products/611120000779/611120000779_05.png?1755496457776, https://images-kr.amoremall.com/products/611120000779/611120000779_06.png?1759278186042, https://images-kr.amoremall.com/products/611120000779/611120000779_07.jpg?1759278186042, https://images-kr.amoremall.com/products/611120000779/611120000779_08.jpg?1759278186042, https://images-kr.amoremall.com/products/611120000779/611120000779_09.jpg?1759278186042, https://images-kr.amoremall.com/products/611120000779/611120000779_10.jpg?1759278186042",https://www.amoremall.com/kr/ko/product/detail?onlineProdSn=66542&onlineProdCode=611120000779,2025-12-03 14:43:24
에스쁘아,꾸뛰르 립 틴트 피팅 블러 4g,4.69,405,"₩22,000",20%,"₩17,600",N/A,N/A,"https://images-kr.amoremall.com/products/611120000718/611120000718_01.png?1753921146685, https://images-kr.amoremall.com/products/611120000718/611120000718_02.png?1753921146685, https://images-kr.amoremall.com/products/611120000718/611120000718_03.jpg?1741322866719, https://images-kr.amoremall.com/products/611120000718/611120000718_04.jpg?1741322866719, https://images-kr.amoremall.com/products/611120000718/611120000718_05.jpg?1741322866719, https://images-kr.amoremall.com/products/611120000718/611120000718_06.jpg?1741322866719, https://images-kr.amoremall.com/products/611120000718/611120000718_07.png?1753921146685, https://images-kr.amoremall.com/products/611120000718/611120000718_08.png?1753921146685, https://images-kr.amoremall.com/products/611120000718/611120000718_09.jpg?1741322866719, https://images-kr.amoremall.com/products/611120000718/611120000718_10.png?1741584331139",https://www.amoremall.com/kr/ko/product/detail?onlineProdSn=64316&onlineProdCode=611120000718,2025-12-03 14:43:34
에스쁘아,비벨벳 커버 쿠션 SPF42/PA++ (본품 13g + 리필 13g),4.71,369,"₩40,000",20%,"₩32,000",N/A,N/A,"https://images-kr.amoremall.com/products/611120000700/611120000700_01.png?1736843275009, https://images-kr.amoremall.com/products/611120000700/611120000700_02.png?1736843275009, https://images-kr.amoremall.com/products/611120000700/611120000700_03.png?1736843275009, https://images-kr.amoremall.com/products/611120000700/611120000700_04.jpg?1743557980455, https://images-kr.amoremall.com/products/611120000700/611120000700_05.jpg?1743557980455, https://images-kr.amoremall.com/products/611120000700/611120000700_06.jpg?1743557980455, https://images-kr.amoremall.com/products/611120000700/611120000700_07.png?1743557980455, https://images-kr.amoremall.com/products/611120000700/611120000700_08.png?1743557980455, https://images-kr.amoremall.com/products/611120000700/611120000700_09.png?1743557980455",https://www.amoremall.com/kr/ko/product/detail?onlineProdSn=63665&onlineProdCode=611120000700,2025-12-03 14:43:42
에스쁘아,비글로우 볼륨 쿠션 SPF42/PA+++ (본품 13g + 리필 13g),4.73,354,"₩40,000",20%,"₩32,000",N/A,N/A,"https://images-kr.amoremall.com/products/611120000670/611120000670_01.png?1723168298987, https://images-kr.amoremall.com/products/611120000670/611120000670_02.png?1723168298987, https://images-kr.amoremall.com/products/611120000670/611120000670_03.png?1723168298987, https://images-kr.amoremall.com/products/611120000670/611120000670_04.png?1723168298987, https://images-kr.amoremall.com/products/611120000670/611120000670_05.png?1723168298987, https://images-kr.amoremall.com/products/611120000670/611120000670_06.png?1723168298987, https://images-kr.amoremall.com/products/611120000670/611120000670_07.png?1723168298987",https://www.amoremall.com/kr/ko/product/detail?onlineProdSn=62231&onlineProdCode=611120000670,2025-12-03 14:43:48
에스쁘아,비글로우 볼륨쿠션 에어 퍼프 1ea,4.79,613,"₩2,000",0%,"₩2,000",N/A,N/A,https://images-kr.amoremall.com/products/611120000677/611120000677_01.png?1724051356769,https://www.amoremall.com/kr/ko/product/detail?onlineProdSn=62434&onlineProdCode=611120000677,2025-12-03 14:43:55
에스쁘아,아이 코어 팔레트 9g,4.77,938,"₩36,000",30%,"₩25,200",N/A,N/A,"https://images-kr.amoremall.com/products/611120000675/611120000675_01.jpg?1753402325554, https://images-kr.amoremall.com/products/611120000675/611120000675_02.jpg?1753402325554, https://images-kr.amoremall.com/products/611120000675/611120000675_03.png?1753402325554, https://images-kr.amoremall.com/products/611120000675/611120000675_04.jpg?1753402369993, https://images-kr.amoremall.com/products/611120000675/611120000675_05.jpg?1753402369993, https://images-kr.amoremall.com/products/611120000675/611120000675_06.jpg?1753402369993, https://images-kr.amoremall.com/products/611120000675/611120000675_07.jpg?1753402369993, https://images-kr.amoremall.com/products/611120000675/611120000675_08.jpg?1753402369993, https://images-kr.amoremall.com/products/611120000675/611120000675_09.jpg?1753402369993",https://www.amoremall.com/kr/ko/product/detail?onlineProdSn=62255&onlineProdCode=611120000675,2025-12-03 14:44:02
에스쁘아,노웨어 립스틱 볼륨 매트,4.7,470,"₩24,000",15%,"₩20,400",N/A,N/A,"https://images-kr.amoremall.com/products/611120000661/611120000661_01.png?1725235687701, https://images-kr.amoremall.com/products/611120000661/611120000661_02.png?1715069504073, https://images-kr.amoremall.com/products/611120000661/611120000661_03.png?1715069504073, https://images-kr.amoremall.com/products/611120000661/611120000661_04.png?1715069504073, https://images-kr.amoremall.com/products/611120000661/611120000661_05.png?1715069504073, https://images-kr.amoremall.com/products/611120000661/611120000661_06.png?1715069504073, https://images-kr.amoremall.com/products/611120000661/611120000661_07.png?1715069504073, https://images-kr.amoremall.com/products/611120000661/611120000661_08.png?1715069504073, https://images-kr.amoremall.com/products/611120000661/611120000661_09.png?1715069504073",https://www.amoremall.com/kr/ko/product/detail?onlineProdSn=61549&onlineProdCode=611120000661,2025-12-03 14:44:09
에스쁘아,더브로우 컬러 픽싱 카라 3g,4.74,537,"₩16,000",20%,"₩12,800",N/A,N/A,"https://images-kr.amoremall.com/products/611120000581/611120000581_01.png?1752208066643, https://images-kr.amoremall.com/products/611120000581/611120000581_02.png?1752208066643, https://images-kr.amoremall.com/products/611120000581/611120000581_03.png?1752208066643, https://images-kr.amoremall.com/products/611120000581/611120000581_04.png?1752208066643, https://images-kr.amoremall.com/products/611120000581/611120000581_05.jpg?1752208066643",https://www.amoremall.com/kr/ko/product/detail?onlineProdSn=58296&onlineProdCode=611120000581,2025-12-03 14:44:16
에스쁘아,아이 오프닝 펜슬 0.3g,4.73,260,"₩18,000",25%,"₩13,500",N/A,N/A,"https://images-kr.amoremall.com/products/611120000720/611120000720_01.jpg?1749806182154, https://images-kr.amoremall.com/products/611120000720/611120000720_02.png?1749806182154, https://images-kr.amoremall.com/products/611120000720/611120000720_03.png?1743499370179, https://images-kr.amoremall.com/products/611120000720/611120000720_04.png?1743499370179, https://images-kr.amoremall.com/products/611120000720/611120000720_05.png?1749806182154, https://images-kr.amoremall.com/products/611120000720/611120000720_06.png?1743499370179, https://images-kr.amoremall.com/products/611120000720/611120000720_07.png?1743499370179, https://images-kr.amoremall.com/products/611120000720/611120000720_08.png?1749806182154",https://www.amoremall.com/kr/ko/product/detail?onlineProdSn=64501&onlineProdCode=611120000720,2025-12-03 14:44:25
