﻿브랜드,상품명,별점,리뷰 개수,원가,할인율,판매가,피부타입별 구매비율,연령대별 구매비율,상품상세 이미지,상품 URL,크롤링 시간
아이오페,슈퍼바이탈 넥앤데콜테 크림 40ml,4.65,26,"₩50,000",15%,"₩42,500",N/A,N/A,"https://images-kr.amoremall.com/products/1764315654412/111130001777/111130001777_00.png?1764315655468, https://images-kr.amoremall.com/products/111130001777/111130001777_01.png?1763965051242, https://images-kr.amoremall.com/products/111130001777/111130001777_02.png?1763962811575, https://images-kr.amoremall.com/products/111130001777/111130001777_03.png?1763962811575, https://images-kr.amoremall.com/products/111130001777/111130001777_04.png?1763962811575",https://www.amoremall.com/kr/ko/product/detail?onlineProdSn=67621&onlineProdCode=111130001777,2025-12-03 14:31:32
아이오페,슈퍼바이탈 크림 세트 50ml,4.86,2618,"₩130,000",18%,"₩106,600",N/A,N/A,"https://images-kr.amoremall.com/products/1764315759451/111130100506/111130100506_00.png?1764315760340, https://images-kr.amoremall.com/products/111130100506/111130100506_01.png?1756792523324, https://images-kr.amoremall.com/products/111130100506/111130100506_02.png?1749534840822, https://images-kr.amoremall.com/products/111130100506/111130100506_03.png?1738282923517, https://images-kr.amoremall.com/products/111130100506/111130100506_04.png?1738282923517, https://images-kr.amoremall.com/products/111130100506/111130100506_05.png?1733113685334, https://images-kr.amoremall.com/products/111130100506/111130100506_06.png?1749534858151",https://www.amoremall.com/kr/ko/product/detail?onlineProdSn=22205&onlineProdCode=111130100506,2025-12-03 14:31:38
아이오페,슈퍼바이탈 기초 2종 세트 (150ml+150ml),4.88,6588,"₩139,000",23%,"₩107,030",N/A,N/A,"https://images-kr.amoremall.com/products/1764315774881/111130100278/111130100278_00.png?1764315775948, https://images-kr.amoremall.com/products/111130100278/111130100278_01.png?1749553084921, https://images-kr.amoremall.com/products/111130100278/111130100278_02.png?1727623810080",https://www.amoremall.com/kr/ko/product/detail?onlineProdSn=21456&onlineProdCode=111130100278,2025-12-03 14:31:44
아이오페,슈퍼바이탈 아이크림 25ml,4.76,2127,"₩85,000",18%,"₩69,700",N/A,N/A,"https://images-kr.amoremall.com/products/1764315794568/111130000283/111130000283_00.png?1764315795271, https://images-kr.amoremall.com/products/111130000283/111130000283_01.png?1727653677663",https://www.amoremall.com/kr/ko/product/detail?onlineProdSn=15999&onlineProdCode=111130000283,2025-12-03 14:31:49
아이오페,비타민C 엑스퍼트25% 토닝앰플 23ml,4.72,9560,"₩55,000",23%,"₩42,350",N/A,N/A,"https://images-kr.amoremall.com/products/111130001294/111130001294_01.png?1751241513245, https://images-kr.amoremall.com/products/111130001294/111130001294_02.png?1740928878429, https://images-kr.amoremall.com/products/111130001294/111130001294_03.png?1743039128605, https://images-kr.amoremall.com/products/111130001294/111130001294_04.png?1751241513245",https://www.amoremall.com/kr/ko/product/detail?onlineProdSn=57204&onlineProdCode=111130001294,2025-12-03 14:31:55
아이오페,맨 올데이 퍼펙트 올인원 120ml,4.76,6191,"₩38,000",25%,"₩28,500",N/A,N/A,"https://images-kr.amoremall.com/products/111130000331/111130000331_01.png?1750777190931, https://images-kr.amoremall.com/products/111130000331/111130000331_02.png?1743041078158, https://images-kr.amoremall.com/products/111130000331/111130000331_03.png?1743041078158",https://www.amoremall.com/kr/ko/product/detail?onlineProdSn=19691&onlineProdCode=111130000331,2025-12-03 14:32:01
아이오페,멀티 비타민 10% 얼티밋 토닝 겔 마스크 (5매),4.76,926,"₩35,000",25%,"₩26,250",N/A,N/A,"https://images-kr.amoremall.com/products/111130001749/111130001749_01.png?1760429203683, https://images-kr.amoremall.com/products/111130001749/111130001749_02.png?1760400650547, https://images-kr.amoremall.com/products/111130001749/111130001749_03.png?1760400650547, https://images-kr.amoremall.com/products/111130001749/111130001749_04.png?1760400650547, https://images-kr.amoremall.com/products/111130001749/111130001749_05.png?1760400650547, https://images-kr.amoremall.com/products/111130001749/111130001749_06.png?1760400650547",https://www.amoremall.com/kr/ko/product/detail?onlineProdSn=66992&onlineProdCode=111130001749,2025-12-03 14:32:07
아이오페,레티놀 엑스퍼트 0.1% 링클 코렉터 기획세트 30ml,4.81,2566,"₩90,000",14%,"₩76,950",N/A,N/A,"https://images-kr.amoremall.com/products/111130001387/111130001387_01.png?1743040707330, https://images-kr.amoremall.com/products/111130001387/111130001387_02.jpg?1743040707330, https://images-kr.amoremall.com/products/111130001387/111130001387_03.png?1696473181169, https://images-kr.amoremall.com/products/111130001387/111130001387_04.png?1696473181169, https://images-kr.amoremall.com/products/111130001387/111130001387_05.png?1735570916043",https://www.amoremall.com/kr/ko/product/detail?onlineProdSn=59744&onlineProdCode=111130001387,2025-12-03 14:32:12
아이오페,바이오 컨디셔닝 에센스 168ml,4.85,3072,"₩60,000",25%,"₩45,000",N/A,N/A,"https://images-kr.amoremall.com/products/111130000880/111130000880_01.png?1743040657844, https://images-kr.amoremall.com/products/111130000880/111130000880_02.jpg?1743040657844, https://images-kr.amoremall.com/products/111130000880/111130000880_03.jpg?1743040657844, https://images-kr.amoremall.com/products/111130000880/111130000880_04.jpg?1743040657844, https://images-kr.amoremall.com/products/111130000880/111130000880_05.jpg?1743040657844",https://www.amoremall.com/kr/ko/product/detail?onlineProdSn=46016&onlineProdCode=111130000880,2025-12-03 14:32:19
아이오페,맨 바이오 안티에이징 2종 세트,4.77,4039,"₩78,000",25%,"₩58,500",N/A,N/A,"https://images-kr.amoremall.com/products/111130100202/111130100202_01.png?1749553097203, https://images-kr.amoremall.com/products/111130100202/111130100202_02.jpg?1727850059354, https://images-kr.amoremall.com/products/111130100202/111130100202_03.jpg?1727850059354",https://www.amoremall.com/kr/ko/product/detail?onlineProdSn=19045&onlineProdCode=111130100202,2025-12-03 14:32:25
아이오페,바이오 컨디셔닝 에센스 하이드로 인핸싱 마스크 5매,4.84,4612,"₩15,000",25%,"₩11,250",N/A,N/A,https://images-kr.amoremall.com/products/111130000882/111130000882_01.jpg?1687854206728,https://www.amoremall.com/kr/ko/product/detail?onlineProdSn=46025&onlineProdCode=111130000882,2025-12-03 14:32:31
아이오페,바이오 컨디셔닝 에센스 하이드로 인핸싱 마스크 10매,4.89,2085,"₩30,000",30%,"₩21,000",N/A,N/A,"https://images-kr.amoremall.com/products/111130001443/111130001443_01.png?1740126910304, https://images-kr.amoremall.com/products/111130001443/111130001443_02.png?1740126910304",https://www.amoremall.com/kr/ko/product/detail?onlineProdSn=60801&onlineProdCode=111130001443,2025-12-03 14:32:39
아이오페,맨 프로 레티놀 올인원 기획세트 120ml,4.84,1830,"₩38,000",25%,"₩28,500",N/A,N/A,"https://images-kr.amoremall.com/products/111130101082/111130101082_01.png?1753076236973, https://images-kr.amoremall.com/products/111130101082/111130101082_02.png?1705888357900, https://images-kr.amoremall.com/products/111130101082/111130101082_03.png?1705888357900",https://www.amoremall.com/kr/ko/product/detail?onlineProdSn=51660&onlineProdCode=111130101082,2025-12-03 14:32:47
아이오페,바이오 컨디셔닝 에센스 폼 클렌저 180ml,4.76,1564,"₩30,000",25%,"₩22,500",N/A,N/A,"https://images-kr.amoremall.com/products/111130001438/111130001438_01.png?1749553072589, https://images-kr.amoremall.com/products/111130001438/111130001438_02.png?1706598496213, https://images-kr.amoremall.com/products/111130001438/111130001438_03.png?1706598496213",https://www.amoremall.com/kr/ko/product/detail?onlineProdSn=60765&onlineProdCode=111130001438,2025-12-03 14:32:53
아이오페,UV 쉴드 선 프로텍터 SPF50+/PA++++ 50ml,4.8,3566,"₩38,000",25%,"₩28,500",N/A,N/A,https://images-kr.amoremall.com/products/111130000888/111130000888_01.png?1718957883827,https://www.amoremall.com/kr/ko/product/detail?onlineProdSn=46079&onlineProdCode=111130000888,2025-12-03 14:32:59
아이오페,레티놀 세럼 인 겔 마스크 (7매),4.78,1029,"₩52,500",22%,"₩40,430",N/A,N/A,"https://images-kr.amoremall.com/products/111130101622/111130101622_01.png?1742276339027, https://images-kr.amoremall.com/products/111130101622/111130101622_02.png?1742184938638, https://images-kr.amoremall.com/products/111130101622/111130101622_03.png?1742184938638, https://images-kr.amoremall.com/products/111130101622/111130101622_04.png?1742184938638, https://images-kr.amoremall.com/products/111130101622/111130101622_05.png?1742184938638, https://images-kr.amoremall.com/products/111130101622/111130101622_06.png?1742184938638, https://images-kr.amoremall.com/products/111130101622/111130101622_07.png?1742276339027",https://www.amoremall.com/kr/ko/product/detail?onlineProdSn=64386&onlineProdCode=111130101622,2025-12-03 14:33:05
아이오페,레티놀 슈퍼 바운스 세럼 50ml,4.83,1891,"₩83,000",14%,"₩70,970",N/A,N/A,"https://images-kr.amoremall.com/products/111130001401/111130001401_01.png?1763944561463, https://images-kr.amoremall.com/products/111130001401/111130001401_02.jpg?1763944719310, https://images-kr.amoremall.com/products/111130001401/111130001401_03.jpg?1763944719310, https://images-kr.amoremall.com/products/111130001401/111130001401_04.jpg?1763944719310",https://www.amoremall.com/kr/ko/product/detail?onlineProdSn=60013&onlineProdCode=111130001401,2025-12-03 14:33:12
아이오페,레티놀 레티젝션 세럼 50ml,4.77,462,"₩88,000",14%,"₩75,240",N/A,N/A,"https://images-kr.amoremall.com/products/111130001735/111130001735_01.png?1761702078262, https://images-kr.amoremall.com/products/111130001735/111130001735_02.jpg?1755484872301, https://images-kr.amoremall.com/products/111130001735/111130001735_03.jpg?1755484872301, https://images-kr.amoremall.com/products/111130001735/111130001735_04.jpg?1755484872301",https://www.amoremall.com/kr/ko/product/detail?onlineProdSn=66535&onlineProdCode=111130001735,2025-12-03 14:33:17
아이오페,비타민C 엑스퍼트 40% 마스크 컨센트레이트 15g,4.62,1395,"₩59,000",18%,"₩48,380",N/A,N/A,"https://images-kr.amoremall.com/products/111130001610/111130001610_01.png?1750777182427, https://images-kr.amoremall.com/products/111130001610/111130001610_02.png?1740382028723, https://images-kr.amoremall.com/products/111130001610/111130001610_03.png?1740382073199, https://images-kr.amoremall.com/products/111130001610/111130001610_04.png?1740382073199, https://images-kr.amoremall.com/products/111130001610/111130001610_05.png?1740382073199",https://www.amoremall.com/kr/ko/product/detail?onlineProdSn=64140&onlineProdCode=111130001610,2025-12-03 14:33:24
아이오페,XMD 스템3 클리니컬 리커버리 세럼 50ml,4.79,675,"₩95,000",10%,"₩85,500",N/A,N/A,"https://images-kr.amoremall.com/products/111130001693/111130001693_01.png?1750660794560, https://images-kr.amoremall.com/products/111130001693/111130001693_02.jpg?1752024144775, https://images-kr.amoremall.com/products/111130001693/111130001693_03.jpg?1752024144775, https://images-kr.amoremall.com/products/111130001693/111130001693_04.jpg?1752024144775, https://images-kr.amoremall.com/products/111130001693/111130001693_05.jpg?1752024144775, https://images-kr.amoremall.com/products/111130001693/111130001693_06.jpg?1752024144775, https://images-kr.amoremall.com/products/111130001693/111130001693_07.jpg?1752024144775, https://images-kr.amoremall.com/products/111130001693/111130001693_08.jpg?1752024144775, https://images-kr.amoremall.com/products/111130001693/111130001693_09.jpg?1752024144775",https://www.amoremall.com/kr/ko/product/detail?onlineProdSn=65867&onlineProdCode=111130001693,2025-12-03 14:33:30
