[
  {
    "브랜드": "에뛰드",
    "상품명": "진저슈가 립케어 2종 기획세트",
    "별점": 4.83,
    "리뷰 개수": 18,
    "원가": "₩19,000",
    "할인율": "35%",
    "판매가": "₩12,350",
    "피부타입별 구매비율": "N/A",
    "연령대별 구매비율": "N/A",
    "상품상세 이미지": "https://images-kr.amoremall.com/products/1763617488819/110090100564/110090100564_00.png?1763617490019, https://images-kr.amoremall.com/products/110090100564/110090100564_01.jpg?1763017158945, https://images-kr.amoremall.com/products/110090100564/110090100564_02.jpg?1763017158945, https://images-kr.amoremall.com/products/110090100564/110090100564_03.jpg?1763017158945, https://images-kr.amoremall.com/products/110090100564/110090100564_04.jpg?1763017158945, https://images-kr.amoremall.com/products/110090100564/110090100564_05.png?1763018408230",
    "상품 URL": "https://www.amoremall.com/kr/ko/product/detail?onlineProdSn=67468&onlineProdCode=110090100564",
    "크롤링 시간": "2025-12-03 14:38:31"
  },
  {
    "브랜드": "에뛰드",
    "상품명": "순정 디렉터 수분 선크림 기획세트 SPF50+/PA++++ (50ml+50ml)",
    "별점": 4.81,
    "리뷰 개수": 740,
    "원가": "₩25,000",
    "할인율": "40%",
    "판매가": "₩15,000",
    "피부타입별 구매비율": "N/A",
    "연령대별 구매비율": "N/A",
    "상품상세 이미지": "https://images-kr.amoremall.com/products/110090000256/110090000256_01.jpg?1754274796530, https://images-kr.amoremall.com/products/110090000256/110090000256_02.png?1736817527437, https://images-kr.amoremall.com/products/110090000256/110090000256_03.png?1736817527437, https://images-kr.amoremall.com/products/110090000256/110090000256_04.jpg?1754274796530, https://images-kr.amoremall.com/products/110090000256/110090000256_05.jpg?1754274796530",
    "상품 URL": "https://www.amoremall.com/kr/ko/product/detail?onlineProdSn=58930&onlineProdCode=110090000256",
    "크롤링 시간": "2025-12-03 14:38:39"
  },
  {
    "브랜드": "에뛰드",
    "상품명": "진저슈가 립세럼 13g",
    "별점": 4.91,
    "리뷰 개수": 32,
    "원가": "₩14,000",
    "할인율": "12%",
    "판매가": "₩12,320",
    "피부타입별 구매비율": "N/A",
    "연령대별 구매비율": "N/A",
    "상품상세 이미지": "https://images-kr.amoremall.com/products/1763369664345/110090000561/110090000561_00.png?1763369665553, https://images-kr.amoremall.com/products/110090000561/110090000561_01.jpg?1762923103591, https://images-kr.amoremall.com/products/110090000561/110090000561_02.jpg?1762923103591, https://images-kr.amoremall.com/products/110090000561/110090000561_03.jpg?1762923103591, https://images-kr.amoremall.com/products/110090000561/110090000561_04.jpg?1762923103591, https://images-kr.amoremall.com/products/110090000561/110090000561_05.png?1762927107810",
    "상품 URL": "https://www.amoremall.com/kr/ko/product/detail?onlineProdSn=67435&onlineProdCode=110090000561",
    "크롤링 시간": "2025-12-03 14:38:45"
  },
  {
    "브랜드": "에뛰드",
    "상품명": "수분가득 콜라겐 시트 마스크 25ml",
    "별점": 4.76,
    "리뷰 개수": 471,
    "원가": "₩2,500",
    "할인율": "0%",
    "판매가": "₩2,500",
    "피부타입별 구매비율": "N/A",
    "연령대별 구매비율": "N/A",
    "상품상세 이미지": "https://images-kr.amoremall.com/products/110090000307/110090000307_01.jpg?1752131167797, https://images-kr.amoremall.com/products/110090000307/110090000307_02.jpg?1752131167797, https://images-kr.amoremall.com/products/110090000307/110090000307_03.png?1752131167797",
    "상품 URL": "https://www.amoremall.com/kr/ko/product/detail?onlineProdSn=59901&onlineProdCode=110090000307",
    "크롤링 시간": "2025-12-03 14:38:53"
  },
  {
    "브랜드": "에뛰드",
    "상품명": "왓츠 인 마이 아이즈 카페 더블",
    "별점": 4.75,
    "리뷰 개수": 438,
    "원가": "₩8,000",
    "할인율": "20%",
    "판매가": "₩6,400",
    "피부타입별 구매비율": "N/A",
    "연령대별 구매비율": "N/A",
    "상품상세 이미지": "https://images-kr.amoremall.com/products/110090000541/110090000541_01.jpg?1756261722651, https://images-kr.amoremall.com/products/110090000541/110090000541_02.jpg?1756261722651, https://images-kr.amoremall.com/products/110090000541/110090000541_03.jpg?1756261722651, https://images-kr.amoremall.com/products/110090000541/110090000541_04.jpg?1756261722651, https://images-kr.amoremall.com/products/110090000541/110090000541_05.png?1756261722651",
    "상품 URL": "https://www.amoremall.com/kr/ko/product/detail?onlineProdSn=66617&onlineProdCode=110090000541",
    "크롤링 시간": "2025-12-03 14:38:59"
  },
  {
    "브랜드": "에뛰드",
    "상품명": "순정 디렉터 선크림 (톤업 수정/수분/무기자차)",
    "별점": 4.73,
    "리뷰 개수": 109,
    "원가": "₩25,000",
    "할인율": "40%",
    "판매가": "₩15,000",
    "피부타입별 구매비율": "N/A",
    "연령대별 구매비율": "N/A",
    "상품상세 이미지": "https://images-kr.amoremall.com/products/110090000524/110090000524_01.png?1754281220319, https://images-kr.amoremall.com/products/110090000524/110090000524_02.png?1741831970425, https://images-kr.amoremall.com/products/110090000524/110090000524_03.jpg?1741911082722, https://images-kr.amoremall.com/products/110090000524/110090000524_04.png?1741831970425, https://images-kr.amoremall.com/products/110090000524/110090000524_05.jpg?1754275210731, https://images-kr.amoremall.com/products/110090000524/110090000524_06.jpg?1754275210731, https://images-kr.amoremall.com/products/110090000524/110090000524_07.jpg?1754275210731",
    "상품 URL": "https://www.amoremall.com/kr/ko/product/detail?onlineProdSn=65684&onlineProdCode=110090000524",
    "크롤링 시간": "2025-12-03 14:39:12"
  },
  {
    "브랜드": "에뛰드",
    "상품명": "님프 광채볼류머 투명한 물광 24g",
    "별점": 4.61,
    "리뷰 개수": 735,
    "원가": "₩20,000",
    "할인율": "25%",
    "판매가": "₩15,000",
    "피부타입별 구매비율": "N/A",
    "연령대별 구매비율": "N/A",
    "상품상세 이미지": "https://images-kr.amoremall.com/products/110090000416/110090000416_01.png?1717121632032, https://images-kr.amoremall.com/products/110090000416/110090000416_02.png?1717121632032, https://images-kr.amoremall.com/products/110090000416/110090000416_03.png?1717121632032, https://images-kr.amoremall.com/products/110090000416/110090000416_04.png?1717121632032",
    "상품 URL": "https://www.amoremall.com/kr/ko/product/detail?onlineProdSn=61744&onlineProdCode=110090000416",
    "크롤링 시간": "2025-12-03 14:39:25"
  },
  {
    "브랜드": "에뛰드",
    "상품명": "드로잉 아이 브로우 0.25g",
    "별점": 4.73,
    "리뷰 개수": 5302,
    "원가": "₩4,000",
    "할인율": "15%",
    "판매가": "₩3,400",
    "피부타입별 구매비율": "N/A",
    "연령대별 구매비율": "N/A",
    "상품상세 이미지": "https://images-kr.amoremall.com/products/110090000011/110090000011_01.jpg?1670334520351, https://images-kr.amoremall.com/products/110090000011/110090000011_02.jpg?1655967729307, https://images-kr.amoremall.com/products/110090000011/110090000011_03.jpg?1655967729307, https://images-kr.amoremall.com/products/110090000011/110090000011_04.jpg?1655967729307, https://images-kr.amoremall.com/products/110090000011/110090000011_05.jpg?1655967729307, https://images-kr.amoremall.com/products/110090000011/110090000011_06.jpg?1655967729307, https://images-kr.amoremall.com/products/110090000011/110090000011_07.jpg?1666659687831, https://images-kr.amoremall.com/products/110090000011/110090000011_08.jpg?1666659687831",
    "상품 URL": "https://www.amoremall.com/kr/ko/product/detail?onlineProdSn=53224&onlineProdCode=110090000011",
    "크롤링 시간": "2025-12-03 14:39:34"
  },
  {
    "브랜드": "에뛰드",
    "상품명": "0.2 테라피 에어 마스크 20ml",
    "별점": 4.82,
    "리뷰 개수": 1346,
    "원가": "₩1,500",
    "할인율": "0%",
    "판매가": "₩1,500",
    "피부타입별 구매비율": "N/A",
    "연령대별 구매비율": "N/A",
    "상품상세 이미지": "https://images-kr.amoremall.com/products/110090000316/110090000316_01.jpg?1698221586757, https://images-kr.amoremall.com/products/110090000316/110090000316_02.jpg?1698221586757, https://images-kr.amoremall.com/products/110090000316/110090000316_03.png?1698221586757",
    "상품 URL": "https://www.amoremall.com/kr/ko/product/detail?onlineProdSn=59994&onlineProdCode=110090000316",
    "크롤링 시간": "2025-12-03 14:39:41"
  },
  {
    "브랜드": "에뛰드",
    "상품명": "[MBTEYE 컬렉션] 마이 베스트 톤 아이 팔레트",
    "별점": 4.61,
    "리뷰 개수": 350,
    "원가": "₩30,000",
    "할인율": "20%",
    "판매가": "₩24,000",
    "피부타입별 구매비율": "N/A",
    "연령대별 구매비율": "N/A",
    "상품상세 이미지": "https://images-kr.amoremall.com/products/110090000367/110090000367_01.jpg?1756689065340, https://images-kr.amoremall.com/products/110090000367/110090000367_02.jpg?1756689065340, https://images-kr.amoremall.com/products/110090000367/110090000367_03.jpg?1756689065340, https://images-kr.amoremall.com/products/110090000367/110090000367_04.jpg?1756689065340, https://images-kr.amoremall.com/products/110090000367/110090000367_05.png?1756689065340, https://images-kr.amoremall.com/products/110090000367/110090000367_06.png?1756689065340",
    "상품 URL": "https://www.amoremall.com/kr/ko/product/detail?onlineProdSn=60602&onlineProdCode=110090000367",
    "크롤링 시간": "2025-12-03 14:39:47"
  },
  {
    "브랜드": "에뛰드",
    "상품명": "프루프 10 젤 방수 펜슬 0.3 g",
    "별점": 4.64,
    "리뷰 개수": 1713,
    "원가": "₩8,000",
    "할인율": "10%",
    "판매가": "₩7,200",
    "피부타입별 구매비율": "N/A",
    "연령대별 구매비율": "N/A",
    "상품상세 이미지": "https://images-kr.amoremall.com/products/110090000050/110090000050_01.jpg?1670340831733, https://images-kr.amoremall.com/products/110090000050/110090000050_02.jpg?1656314544430, https://images-kr.amoremall.com/products/110090000050/110090000050_03.jpg?1656314544430, https://images-kr.amoremall.com/products/110090000050/110090000050_04.jpg?1656314544430, https://images-kr.amoremall.com/products/110090000050/110090000050_05.jpg?1656314544430",
    "상품 URL": "https://www.amoremall.com/kr/ko/product/detail?onlineProdSn=53287&onlineProdCode=110090000050",
    "크롤링 시간": "2025-12-03 14:39:55"
  },
  {
    "브랜드": "에뛰드",
    "상품명": "컬 픽스 마스카라 (뷰러증정 기획세트)",
    "별점": 4.76,
    "리뷰 개수": 971,
    "원가": "₩16,000",
    "할인율": "15%",
    "판매가": "₩13,600",
    "피부타입별 구매비율": "N/A",
    "연령대별 구매비율": "N/A",
    "상품상세 이미지": "https://images-kr.amoremall.com/products/110090000417/110090000417_01.jpg?1744013330090, https://images-kr.amoremall.com/products/110090000417/110090000417_02.jpg?1744013330090, https://images-kr.amoremall.com/products/110090000417/110090000417_03.jpg?1744013330090, https://images-kr.amoremall.com/products/110090000417/110090000417_04.jpg?1744013330090, https://images-kr.amoremall.com/products/110090000417/110090000417_05.jpg?1734333718735, https://images-kr.amoremall.com/products/110090000417/110090000417_06.png?1729241472778, https://images-kr.amoremall.com/products/110090000417/110090000417_07.png?1729241472778, https://images-kr.amoremall.com/products/110090000417/110090000417_08.png?1729241499373",
    "상품 URL": "https://www.amoremall.com/kr/ko/product/detail?onlineProdSn=61748&onlineProdCode=110090000417",
    "크롤링 시간": "2025-12-03 14:40:03"
  },
  {
    "브랜드": "에뛰드",
    "상품명": "플레이 컬러 아이즈 #더스티 캣 0.8g X 9",
    "별점": 4.74,
    "리뷰 개수": 223,
    "원가": "₩25,000",
    "할인율": "40%",
    "판매가": "₩15,000",
    "피부타입별 구매비율": "N/A",
    "연령대별 구매비율": "N/A",
    "상품상세 이미지": "https://images-kr.amoremall.com/products/110090000121/110090000121_01.jpg?1671083874866, https://images-kr.amoremall.com/products/110090000121/110090000121_02.jpg?1671083874866, https://images-kr.amoremall.com/products/110090000121/110090000121_03.png?1671082060289",
    "상품 URL": "https://www.amoremall.com/kr/ko/product/detail?onlineProdSn=55930&onlineProdCode=110090000121",
    "크롤링 시간": "2025-12-03 14:40:17"
  },
  {
    "브랜드": "에뛰드",
    "상품명": "청순거짓 브라우카라 대용량 기획세트 (9g+4.5g)",
    "별점": 4.74,
    "리뷰 개수": 347,
    "원가": "₩9,000",
    "할인율": "15%",
    "판매가": "₩7,650",
    "피부타입별 구매비율": "N/A",
    "연령대별 구매비율": "N/A",
    "상품상세 이미지": "https://images-kr.amoremall.com/products/110090000338/110090000338_01.jpg?1700093966718, https://images-kr.amoremall.com/products/110090000338/110090000338_02.jpg?1700093966718, https://images-kr.amoremall.com/products/110090000338/110090000338_03.jpg?1700093966718, https://images-kr.amoremall.com/products/110090000338/110090000338_04.jpg?1700093966718",
    "상품 URL": "https://www.amoremall.com/kr/ko/product/detail?onlineProdSn=60224&onlineProdCode=110090000338",
    "크롤링 시간": "2025-12-03 14:40:24"
  },
  {
    "브랜드": "에뛰드",
    "상품명": "올데이 맑은 BB 크림 SPF36/PA+++ 35ml",
    "별점": 4.67,
    "리뷰 개수": 114,
    "원가": "₩22,000",
    "할인율": "25%",
    "판매가": "₩16,500",
    "피부타입별 구매비율": "N/A",
    "연령대별 구매비율": "N/A",
    "상품상세 이미지": "https://images-kr.amoremall.com/products/1758694196752/110090000540/110090000540_00.png?1758694198125, https://images-kr.amoremall.com/products/110090000540/110090000540_01.jpg?1756183994888, https://images-kr.amoremall.com/products/110090000540/110090000540_02.jpg?1756183994888, https://images-kr.amoremall.com/products/110090000540/110090000540_03.png?1756183994888, https://images-kr.amoremall.com/products/110090000540/110090000540_04.png?1756183994888, https://images-kr.amoremall.com/products/110090000540/110090000540_05.png?1756183994888",
    "상품 URL": "https://www.amoremall.com/kr/ko/product/detail?onlineProdSn=66615&onlineProdCode=110090000540",
    "크롤링 시간": "2025-12-03 14:40:35"
  },
  {
    "브랜드": "에뛰드",
    "상품명": "팡팡 헤어 섀도우 3.5g",
    "별점": 4.72,
    "리뷰 개수": 979,
    "원가": "₩16,000",
    "할인율": "20%",
    "판매가": "₩12,800",
    "피부타입별 구매비율": "N/A",
    "연령대별 구매비율": "N/A",
    "상품상세 이미지": "https://images-kr.amoremall.com/products/110090000167/110090000167_01.jpg?1673489130891, https://images-kr.amoremall.com/products/110090000167/110090000167_02.jpg?1673489130891, https://images-kr.amoremall.com/products/110090000167/110090000167_03.jpg?1673489130891, https://images-kr.amoremall.com/products/110090000167/110090000167_04.jpg?1673489130891, https://images-kr.amoremall.com/products/110090000167/110090000167_05.jpg?1673489130891, https://images-kr.amoremall.com/products/110090000167/110090000167_06.jpg?1673489130891, https://images-kr.amoremall.com/products/110090000167/110090000167_07.jpg?1673489130891",
    "상품 URL": "https://www.amoremall.com/kr/ko/product/detail?onlineProdSn=56329&onlineProdCode=110090000167",
    "크롤링 시간": "2025-12-03 14:40:44"
  },
  {
    "브랜드": "에뛰드",
    "상품명": "닥터 마스카라 픽서 포 래쉬  (퍼펙트/슈퍼롱) 6g",
    "별점": 4.68,
    "리뷰 개수": 804,
    "원가": "₩8,000",
    "할인율": "20%",
    "판매가": "₩6,400",
    "피부타입별 구매비율": "N/A",
    "연령대별 구매비율": "N/A",
    "상품상세 이미지": "https://images-kr.amoremall.com/products/110090000254/110090000254_01.jpg?1688539977710, https://images-kr.amoremall.com/products/110090000254/110090000254_02.png?1688539977710, https://images-kr.amoremall.com/products/110090000254/110090000254_03.png?1688539977710, https://images-kr.amoremall.com/products/110090000254/110090000254_04.jpg?1688539977710, https://images-kr.amoremall.com/products/110090000254/110090000254_05.jpg?1688539977710, https://images-kr.amoremall.com/products/110090000254/110090000254_06.png?1688539977710",
    "상품 URL": "https://www.amoremall.com/kr/ko/product/detail?onlineProdSn=58927&onlineProdCode=110090000254",
    "크롤링 시간": "2025-12-03 14:40:52"
  },
  {
    "브랜드": "에뛰드",
    "상품명": "블링블링 아이스틱 1.4g",
    "별점": 4.61,
    "리뷰 개수": 1165,
    "원가": "₩6,500",
    "할인율": "10%",
    "판매가": "₩5,850",
    "피부타입별 구매비율": "N/A",
    "연령대별 구매비율": "N/A",
    "상품상세 이미지": "https://images-kr.amoremall.com/products/110090000022/110090000022_01.jpg?1670328789724, https://images-kr.amoremall.com/products/110090000022/110090000022_02.jpg?1656057506655, https://images-kr.amoremall.com/products/110090000022/110090000022_03.jpg?1656057506655, https://images-kr.amoremall.com/products/110090000022/110090000022_04.jpg?1656057506655, https://images-kr.amoremall.com/products/110090000022/110090000022_05.jpg?1656057506655, https://images-kr.amoremall.com/products/110090000022/110090000022_06.jpg?1656057506655, https://images-kr.amoremall.com/products/110090000022/110090000022_07.jpg?1656057506655",
    "상품 URL": "https://www.amoremall.com/kr/ko/product/detail?onlineProdSn=53248&onlineProdCode=110090000022",
    "크롤링 시간": "2025-12-03 14:41:00"
  },
  {
    "브랜드": "에뛰드",
    "상품명": "[더블] 뽀오얀 미소 발효 립&아이 리무버 250ml",
    "별점": 4.79,
    "리뷰 개수": 556,
    "원가": "₩30,000",
    "할인율": "30%",
    "판매가": "₩21,000",
    "피부타입별 구매비율": "N/A",
    "연령대별 구매비율": "N/A",
    "상품상세 이미지": "https://images-kr.amoremall.com/products/110090000293/110090000293_01.png?1694158820700",
    "상품 URL": "https://www.amoremall.com/kr/ko/product/detail?onlineProdSn=59621&onlineProdCode=110090000293",
    "크롤링 시간": "2025-12-03 14:41:21"
  },
  {
    "브랜드": "에뛰드",
    "상품명": "[NEWCOLOR] 포근 픽싱틴트 4g",
    "별점": 4.56,
    "리뷰 개수": 632,
    "원가": "₩16,000",
    "할인율": "20%",
    "판매가": "₩12,800",
    "피부타입별 구매비율": "N/A",
    "연령대별 구매비율": "N/A",
    "상품상세 이미지": "https://images-kr.amoremall.com/products/110090000528/110090000528_01.jpg?1756858823599, https://images-kr.amoremall.com/products/110090000528/110090000528_02.jpg?1756858823599, https://images-kr.amoremall.com/products/110090000528/110090000528_03.png?1756858823599, https://images-kr.amoremall.com/products/110090000528/110090000528_04.png?1756858823599, https://images-kr.amoremall.com/products/110090000528/110090000528_05.png?1756858823599, https://images-kr.amoremall.com/products/110090000528/110090000528_06.png?1756858823599, https://images-kr.amoremall.com/products/110090000528/110090000528_07.png?1756858823599, https://images-kr.amoremall.com/products/110090000528/110090000528_08.jpg?1756858823599, https://images-kr.amoremall.com/products/110090000528/110090000528_09.jpg?1756858823599",
    "상품 URL": "https://www.amoremall.com/kr/ko/product/detail?onlineProdSn=66096&onlineProdCode=110090000528",
    "크롤링 시간": "2025-12-03 14:41:33"
  }
]