[
  {
    "브랜드": "온호프",
    "상품명": "쏘 캄 트래블 3종 세트",
    "별점": 4.63,
    "리뷰 개수": 355,
    "원가": "₩32,500",
    "할인율": "0%",
    "판매가": "₩32,500",
    "피부타입별 구매비율": "N/A",
    "연령대별 구매비율": "N/A",
    "상품상세 이미지": "https://images-kr.amoremall.com/products/127780000056/127780000056_01.png?1702620180538",
    "상품 URL": "https://www.amoremall.com/kr/ko/product/detail?onlineProdSn=60444&onlineProdCode=127780000056",
    "크롤링 시간": "2025-12-03 15:06:51"
  }
]