[
  {
    "브랜드": "에스쁘아",
    "상품명": "[디즈니에디션] 비벨벳 커버쿠션 기획세트 SPF42/PA++ (본품 13g + 리필 13g)",
    "별점": 4.76,
    "리뷰 개수": 757,
    "원가": "₩40,000",
    "할인율": "30%",
    "판매가": "₩28,000",
    "피부타입별 구매비율": "N/A",
    "연령대별 구매비율": "N/A",
    "상품상세 이미지": "https://images-kr.amoremall.com/products/611120000729/611120000729_01.jpg?1761287057139, https://images-kr.amoremall.com/products/611120000729/611120000729_02.jpg?1747880508221, https://images-kr.amoremall.com/products/611120000729/611120000729_03.jpg?1747880508221, https://images-kr.amoremall.com/products/611120000729/611120000729_04.png?1747890525352, https://images-kr.amoremall.com/products/611120000729/611120000729_05.jpg?1747880508221, https://images-kr.amoremall.com/products/611120000729/611120000729_06.jpg?1747880508221, https://images-kr.amoremall.com/products/611120000729/611120000729_07.jpg?1747880508221, https://images-kr.amoremall.com/products/611120000729/611120000729_08.jpg?1747880508221, https://images-kr.amoremall.com/products/611120000729/611120000729_09.jpg?1747880508221",
    "상품 URL": "https://www.amoremall.com/kr/ko/product/detail?onlineProdSn=65333&onlineProdCode=611120000729",
    "크롤링 시간": "2025-12-03 14:42:18"
  },
  {
    "브랜드": "에스쁘아",
    "상품명": "[디즈니에디션] 아이 코어 팔레트 기획세트",
    "별점": 4.8,
    "리뷰 개수": 306,
    "원가": "₩36,000",
    "할인율": "30%",
    "판매가": "₩25,200",
    "피부타입별 구매비율": "N/A",
    "연령대별 구매비율": "N/A",
    "상품상세 이미지": "https://images-kr.amoremall.com/products/611120000731/611120000731_01.jpg?1761287276448, https://images-kr.amoremall.com/products/611120000731/611120000731_02.jpg?1747876459352, https://images-kr.amoremall.com/products/611120000731/611120000731_03.jpg?1747876459352, https://images-kr.amoremall.com/products/611120000731/611120000731_04.jpg?1747876459352, https://images-kr.amoremall.com/products/611120000731/611120000731_05.jpg?1747876051536, https://images-kr.amoremall.com/products/611120000731/611120000731_06.jpg?1747876051536, https://images-kr.amoremall.com/products/611120000731/611120000731_07.jpg?1747876051536, https://images-kr.amoremall.com/products/611120000731/611120000731_08.png?1747876051536, https://images-kr.amoremall.com/products/611120000731/611120000731_09.png?1747876051536, https://images-kr.amoremall.com/products/611120000731/611120000731_10.png?1747890489765",
    "상품 URL": "https://www.amoremall.com/kr/ko/product/detail?onlineProdSn=65335&onlineProdCode=611120000731",
    "크롤링 시간": "2025-12-03 14:42:25"
  },
  {
    "브랜드": "에스쁘아",
    "상품명": "[10EA] 비글로우 볼륨쿠션 에어 퍼프",
    "별점": 4.85,
    "리뷰 개수": 509,
    "원가": "₩20,000",
    "할인율": "30%",
    "판매가": "₩14,000",
    "피부타입별 구매비율": "N/A",
    "연령대별 구매비율": "N/A",
    "상품상세 이미지": "https://images-kr.amoremall.com/products/611120000709/611120000709_01.png?1736733379224, https://images-kr.amoremall.com/products/611120000709/611120000709_02.png?1736733379224",
    "상품 URL": "https://www.amoremall.com/kr/ko/product/detail?onlineProdSn=63783&onlineProdCode=611120000709",
    "크롤링 시간": "2025-12-03 14:42:30"
  },
  {
    "브랜드": "에스쁘아",
    "상품명": "[NEW COLOR] 더 브로우 밸런스 펜슬 0.1g",
    "별점": 4.81,
    "리뷰 개수": 1727,
    "원가": "₩16,000",
    "할인율": "20%",
    "판매가": "₩12,800",
    "피부타입별 구매비율": "N/A",
    "연령대별 구매비율": "N/A",
    "상품상세 이미지": "https://images-kr.amoremall.com/products/611120000525/611120000525_01.png?1656551185490, https://images-kr.amoremall.com/products/611120000525/611120000525_02.jpg?1702530611073, https://images-kr.amoremall.com/products/611120000525/611120000525_03.jpg?1702530611073",
    "상품 URL": "https://www.amoremall.com/kr/ko/product/detail?onlineProdSn=53360&onlineProdCode=611120000525",
    "크롤링 시간": "2025-12-03 14:42:35"
  },
  {
    "브랜드": "에스쁘아",
    "상품명": "[디즈니에디션] 블러리 치크",
    "별점": 4.84,
    "리뷰 개수": 382,
    "원가": "₩22,000",
    "할인율": "30%",
    "판매가": "₩15,400",
    "피부타입별 구매비율": "N/A",
    "연령대별 구매비율": "N/A",
    "상품상세 이미지": "https://images-kr.amoremall.com/products/611120000728/611120000728_01.png?1761287424759, https://images-kr.amoremall.com/products/611120000728/611120000728_02.jpg?1747877452735, https://images-kr.amoremall.com/products/611120000728/611120000728_03.jpg?1747877452735, https://images-kr.amoremall.com/products/611120000728/611120000728_04.jpg?1747877452735, https://images-kr.amoremall.com/products/611120000728/611120000728_05.jpg?1747877814296, https://images-kr.amoremall.com/products/611120000728/611120000728_06.jpg?1747877814296, https://images-kr.amoremall.com/products/611120000728/611120000728_07.jpg?1747877814296, https://images-kr.amoremall.com/products/611120000728/611120000728_08.jpg?1747877814296, https://images-kr.amoremall.com/products/611120000728/611120000728_09.jpg?1747877973662, https://images-kr.amoremall.com/products/611120000728/611120000728_10.png?1747890458193",
    "상품 URL": "https://www.amoremall.com/kr/ko/product/detail?onlineProdSn=65332&onlineProdCode=611120000728",
    "크롤링 시간": "2025-12-03 14:42:41"
  },
  {
    "브랜드": "에스쁘아",
    "상품명": "[NEW COLOR] 노웨어 립스틱 바밍글로우 3g",
    "별점": 4.77,
    "리뷰 개수": 1393,
    "원가": "₩24,000",
    "할인율": "15%",
    "판매가": "₩20,400",
    "피부타입별 구매비율": "N/A",
    "연령대별 구매비율": "N/A",
    "상품상세 이미지": "https://images-kr.amoremall.com/products/611120000627/611120000627_01.png?1763445735702, https://images-kr.amoremall.com/products/611120000627/611120000627_02.jpg?1763445735702, https://images-kr.amoremall.com/products/611120000627/611120000627_03.png?1763445735702, https://images-kr.amoremall.com/products/611120000627/611120000627_04.png?1763445735702, https://images-kr.amoremall.com/products/611120000627/611120000627_05.png?1746577279587, https://images-kr.amoremall.com/products/611120000627/611120000627_06.png?1746577279587, https://images-kr.amoremall.com/products/611120000627/611120000627_07.png?1723734613172, https://images-kr.amoremall.com/products/611120000627/611120000627_08.png?1723734613172, https://images-kr.amoremall.com/products/611120000627/611120000627_09.jpg?1759278395211, https://images-kr.amoremall.com/products/611120000627/611120000627_10.jpg?1759278395211",
    "상품 URL": "https://www.amoremall.com/kr/ko/product/detail?onlineProdSn=60808&onlineProdCode=611120000627",
    "크롤링 시간": "2025-12-03 14:42:47"
  },
  {
    "브랜드": "에스쁘아",
    "상품명": "꾸뛰르 립 틴트 글레이즈 4g",
    "별점": 4.82,
    "리뷰 개수": 1193,
    "원가": "₩22,000",
    "할인율": "20%",
    "판매가": "₩17,600",
    "피부타입별 구매비율": "N/A",
    "연령대별 구매비율": "N/A",
    "상품상세 이미지": "https://images-kr.amoremall.com/products/611120000702/611120000702_01.png?1753920978779, https://images-kr.amoremall.com/products/611120000702/611120000702_02.png?1753920978779, https://images-kr.amoremall.com/products/611120000702/611120000702_03.png?1737352461947, https://images-kr.amoremall.com/products/611120000702/611120000702_04.png?1737352461947, https://images-kr.amoremall.com/products/611120000702/611120000702_05.png?1737352461947, https://images-kr.amoremall.com/products/611120000702/611120000702_06.png?1753920978779, https://images-kr.amoremall.com/products/611120000702/611120000702_07.png?1753921001785, https://images-kr.amoremall.com/products/611120000702/611120000702_08.jpg?1737353984610",
    "상품 URL": "https://www.amoremall.com/kr/ko/product/detail?onlineProdSn=63667&onlineProdCode=611120000702",
    "크롤링 시간": "2025-12-03 14:42:53"
  },
  {
    "브랜드": "에스쁘아",
    "상품명": "[5EA] 비글로우 볼륨쿠션 에어 퍼프",
    "별점": 4.83,
    "리뷰 개수": 932,
    "원가": "₩10,000",
    "할인율": "20%",
    "판매가": "₩8,000",
    "피부타입별 구매비율": "N/A",
    "연령대별 구매비율": "N/A",
    "상품상세 이미지": "https://images-kr.amoremall.com/products/611120000678/611120000678_01.png?1725322300961",
    "상품 URL": "https://www.amoremall.com/kr/ko/product/detail?onlineProdSn=62618&onlineProdCode=611120000678",
    "크롤링 시간": "2025-12-03 14:42:58"
  },
  {
    "브랜드": "에스쁘아",
    "상품명": "베어 글로우 립밤 3g",
    "별점": 4.64,
    "리뷰 개수": 368,
    "원가": "₩24,000",
    "할인율": "20%",
    "판매가": "₩19,200",
    "피부타입별 구매비율": "N/A",
    "연령대별 구매비율": "N/A",
    "상품상세 이미지": "https://images-kr.amoremall.com/products/611120000770/611120000770_01.jpg?1759278588987, https://images-kr.amoremall.com/products/611120000770/611120000770_02.jpg?1759278608938, https://images-kr.amoremall.com/products/611120000770/611120000770_03.png?1759278608938, https://images-kr.amoremall.com/products/611120000770/611120000770_04.png?1753081102893, https://images-kr.amoremall.com/products/611120000770/611120000770_05.jpg?1753244321977, https://images-kr.amoremall.com/products/611120000770/611120000770_06.jpg?1759278588987, https://images-kr.amoremall.com/products/611120000770/611120000770_07.jpg?1759278588987",
    "상품 URL": "https://www.amoremall.com/kr/ko/product/detail?onlineProdSn=66110&onlineProdCode=611120000770",
    "크롤링 시간": "2025-12-03 14:43:04"
  },
  {
    "브랜드": "에스쁘아",
    "상품명": "꾸뛰르 립 틴트 (글레이즈/피팅 블러) 4g",
    "별점": 4.85,
    "리뷰 개수": 41,
    "원가": "₩22,000",
    "할인율": "0%",
    "판매가": "₩22,000",
    "피부타입별 구매비율": "N/A",
    "연령대별 구매비율": "N/A",
    "상품상세 이미지": "https://images-kr.amoremall.com/products/611120000804/611120000804_01.png?1753920978779, https://images-kr.amoremall.com/products/611120000804/611120000804_02.png?1753920978779, https://images-kr.amoremall.com/products/611120000804/611120000804_03.png?1762321871660, https://images-kr.amoremall.com/products/611120000804/611120000804_04.png?1737352461947, https://images-kr.amoremall.com/products/611120000804/611120000804_05.jpg?1762321871660, https://images-kr.amoremall.com/products/611120000804/611120000804_06.png?1753920978779, https://images-kr.amoremall.com/products/611120000804/611120000804_07.png?1762499806823",
    "상품 URL": "https://www.amoremall.com/kr/ko/product/detail?onlineProdSn=67375&onlineProdCode=611120000804",
    "크롤링 시간": "2025-12-03 14:43:11"
  },
  {
    "브랜드": "에스쁘아",
    "상품명": "비글로우 파운데이션 SPF27/PA++ 30g",
    "별점": 4.78,
    "리뷰 개수": 366,
    "원가": "₩42,000",
    "할인율": "15%",
    "판매가": "₩35,700",
    "피부타입별 구매비율": "N/A",
    "연령대별 구매비율": "N/A",
    "상품상세 이미지": "https://images-kr.amoremall.com/products/611120000698/611120000698_01.png?1736497205558, https://images-kr.amoremall.com/products/611120000698/611120000698_02.png?1736401894062, https://images-kr.amoremall.com/products/611120000698/611120000698_03.png?1736401894062, https://images-kr.amoremall.com/products/611120000698/611120000698_04.png?1736497205558, https://images-kr.amoremall.com/products/611120000698/611120000698_05.png?1736401894062, https://images-kr.amoremall.com/products/611120000698/611120000698_06.png?1736401894062, https://images-kr.amoremall.com/products/611120000698/611120000698_07.png?1736401894062, https://images-kr.amoremall.com/products/611120000698/611120000698_08.png?1736401894062",
    "상품 URL": "https://www.amoremall.com/kr/ko/product/detail?onlineProdSn=63661&onlineProdCode=611120000698",
    "크롤링 시간": "2025-12-03 14:43:17"
  },
  {
    "브랜드": "에스쁘아",
    "상품명": "스트로빙 하이라이터 8g",
    "별점": 4.82,
    "리뷰 개수": 417,
    "원가": "₩30,000",
    "할인율": "20%",
    "판매가": "₩24,000",
    "피부타입별 구매비율": "N/A",
    "연령대별 구매비율": "N/A",
    "상품상세 이미지": "https://images-kr.amoremall.com/products/611120000779/611120000779_01.jpg?1759278186042, https://images-kr.amoremall.com/products/611120000779/611120000779_02.png?1755496457776, https://images-kr.amoremall.com/products/611120000779/611120000779_03.png?1755496457776, https://images-kr.amoremall.com/products/611120000779/611120000779_04.png?1755496457776, https://images-kr.amoremall.com/products/611120000779/611120000779_05.png?1755496457776, https://images-kr.amoremall.com/products/611120000779/611120000779_06.png?1759278186042, https://images-kr.amoremall.com/products/611120000779/611120000779_07.jpg?1759278186042, https://images-kr.amoremall.com/products/611120000779/611120000779_08.jpg?1759278186042, https://images-kr.amoremall.com/products/611120000779/611120000779_09.jpg?1759278186042, https://images-kr.amoremall.com/products/611120000779/611120000779_10.jpg?1759278186042",
    "상품 URL": "https://www.amoremall.com/kr/ko/product/detail?onlineProdSn=66542&onlineProdCode=611120000779",
    "크롤링 시간": "2025-12-03 14:43:24"
  },
  {
    "브랜드": "에스쁘아",
    "상품명": "꾸뛰르 립 틴트 피팅 블러 4g",
    "별점": 4.69,
    "리뷰 개수": 405,
    "원가": "₩22,000",
    "할인율": "20%",
    "판매가": "₩17,600",
    "피부타입별 구매비율": "N/A",
    "연령대별 구매비율": "N/A",
    "상품상세 이미지": "https://images-kr.amoremall.com/products/611120000718/611120000718_01.png?1753921146685, https://images-kr.amoremall.com/products/611120000718/611120000718_02.png?1753921146685, https://images-kr.amoremall.com/products/611120000718/611120000718_03.jpg?1741322866719, https://images-kr.amoremall.com/products/611120000718/611120000718_04.jpg?1741322866719, https://images-kr.amoremall.com/products/611120000718/611120000718_05.jpg?1741322866719, https://images-kr.amoremall.com/products/611120000718/611120000718_06.jpg?1741322866719, https://images-kr.amoremall.com/products/611120000718/611120000718_07.png?1753921146685, https://images-kr.amoremall.com/products/611120000718/611120000718_08.png?1753921146685, https://images-kr.amoremall.com/products/611120000718/611120000718_09.jpg?1741322866719, https://images-kr.amoremall.com/products/611120000718/611120000718_10.png?1741584331139",
    "상품 URL": "https://www.amoremall.com/kr/ko/product/detail?onlineProdSn=64316&onlineProdCode=611120000718",
    "크롤링 시간": "2025-12-03 14:43:34"
  },
  {
    "브랜드": "에스쁘아",
    "상품명": "비벨벳 커버 쿠션 SPF42/PA++ (본품 13g + 리필 13g)",
    "별점": 4.71,
    "리뷰 개수": 369,
    "원가": "₩40,000",
    "할인율": "20%",
    "판매가": "₩32,000",
    "피부타입별 구매비율": "N/A",
    "연령대별 구매비율": "N/A",
    "상품상세 이미지": "https://images-kr.amoremall.com/products/611120000700/611120000700_01.png?1736843275009, https://images-kr.amoremall.com/products/611120000700/611120000700_02.png?1736843275009, https://images-kr.amoremall.com/products/611120000700/611120000700_03.png?1736843275009, https://images-kr.amoremall.com/products/611120000700/611120000700_04.jpg?1743557980455, https://images-kr.amoremall.com/products/611120000700/611120000700_05.jpg?1743557980455, https://images-kr.amoremall.com/products/611120000700/611120000700_06.jpg?1743557980455, https://images-kr.amoremall.com/products/611120000700/611120000700_07.png?1743557980455, https://images-kr.amoremall.com/products/611120000700/611120000700_08.png?1743557980455, https://images-kr.amoremall.com/products/611120000700/611120000700_09.png?1743557980455",
    "상품 URL": "https://www.amoremall.com/kr/ko/product/detail?onlineProdSn=63665&onlineProdCode=611120000700",
    "크롤링 시간": "2025-12-03 14:43:42"
  },
  {
    "브랜드": "에스쁘아",
    "상품명": "비글로우 볼륨 쿠션 SPF42/PA+++ (본품 13g + 리필 13g)",
    "별점": 4.73,
    "리뷰 개수": 354,
    "원가": "₩40,000",
    "할인율": "20%",
    "판매가": "₩32,000",
    "피부타입별 구매비율": "N/A",
    "연령대별 구매비율": "N/A",
    "상품상세 이미지": "https://images-kr.amoremall.com/products/611120000670/611120000670_01.png?1723168298987, https://images-kr.amoremall.com/products/611120000670/611120000670_02.png?1723168298987, https://images-kr.amoremall.com/products/611120000670/611120000670_03.png?1723168298987, https://images-kr.amoremall.com/products/611120000670/611120000670_04.png?1723168298987, https://images-kr.amoremall.com/products/611120000670/611120000670_05.png?1723168298987, https://images-kr.amoremall.com/products/611120000670/611120000670_06.png?1723168298987, https://images-kr.amoremall.com/products/611120000670/611120000670_07.png?1723168298987",
    "상품 URL": "https://www.amoremall.com/kr/ko/product/detail?onlineProdSn=62231&onlineProdCode=611120000670",
    "크롤링 시간": "2025-12-03 14:43:48"
  },
  {
    "브랜드": "에스쁘아",
    "상품명": "비글로우 볼륨쿠션 에어 퍼프 1ea",
    "별점": 4.79,
    "리뷰 개수": 613,
    "원가": "₩2,000",
    "할인율": "0%",
    "판매가": "₩2,000",
    "피부타입별 구매비율": "N/A",
    "연령대별 구매비율": "N/A",
    "상품상세 이미지": "https://images-kr.amoremall.com/products/611120000677/611120000677_01.png?1724051356769",
    "상품 URL": "https://www.amoremall.com/kr/ko/product/detail?onlineProdSn=62434&onlineProdCode=611120000677",
    "크롤링 시간": "2025-12-03 14:43:55"
  },
  {
    "브랜드": "에스쁘아",
    "상품명": "아이 코어 팔레트 9g",
    "별점": 4.77,
    "리뷰 개수": 938,
    "원가": "₩36,000",
    "할인율": "30%",
    "판매가": "₩25,200",
    "피부타입별 구매비율": "N/A",
    "연령대별 구매비율": "N/A",
    "상품상세 이미지": "https://images-kr.amoremall.com/products/611120000675/611120000675_01.jpg?1753402325554, https://images-kr.amoremall.com/products/611120000675/611120000675_02.jpg?1753402325554, https://images-kr.amoremall.com/products/611120000675/611120000675_03.png?1753402325554, https://images-kr.amoremall.com/products/611120000675/611120000675_04.jpg?1753402369993, https://images-kr.amoremall.com/products/611120000675/611120000675_05.jpg?1753402369993, https://images-kr.amoremall.com/products/611120000675/611120000675_06.jpg?1753402369993, https://images-kr.amoremall.com/products/611120000675/611120000675_07.jpg?1753402369993, https://images-kr.amoremall.com/products/611120000675/611120000675_08.jpg?1753402369993, https://images-kr.amoremall.com/products/611120000675/611120000675_09.jpg?1753402369993",
    "상품 URL": "https://www.amoremall.com/kr/ko/product/detail?onlineProdSn=62255&onlineProdCode=611120000675",
    "크롤링 시간": "2025-12-03 14:44:02"
  },
  {
    "브랜드": "에스쁘아",
    "상품명": "노웨어 립스틱 볼륨 매트",
    "별점": 4.7,
    "리뷰 개수": 470,
    "원가": "₩24,000",
    "할인율": "15%",
    "판매가": "₩20,400",
    "피부타입별 구매비율": "N/A",
    "연령대별 구매비율": "N/A",
    "상품상세 이미지": "https://images-kr.amoremall.com/products/611120000661/611120000661_01.png?1725235687701, https://images-kr.amoremall.com/products/611120000661/611120000661_02.png?1715069504073, https://images-kr.amoremall.com/products/611120000661/611120000661_03.png?1715069504073, https://images-kr.amoremall.com/products/611120000661/611120000661_04.png?1715069504073, https://images-kr.amoremall.com/products/611120000661/611120000661_05.png?1715069504073, https://images-kr.amoremall.com/products/611120000661/611120000661_06.png?1715069504073, https://images-kr.amoremall.com/products/611120000661/611120000661_07.png?1715069504073, https://images-kr.amoremall.com/products/611120000661/611120000661_08.png?1715069504073, https://images-kr.amoremall.com/products/611120000661/611120000661_09.png?1715069504073",
    "상품 URL": "https://www.amoremall.com/kr/ko/product/detail?onlineProdSn=61549&onlineProdCode=611120000661",
    "크롤링 시간": "2025-12-03 14:44:09"
  },
  {
    "브랜드": "에스쁘아",
    "상품명": "더브로우 컬러 픽싱 카라 3g",
    "별점": 4.74,
    "리뷰 개수": 537,
    "원가": "₩16,000",
    "할인율": "20%",
    "판매가": "₩12,800",
    "피부타입별 구매비율": "N/A",
    "연령대별 구매비율": "N/A",
    "상품상세 이미지": "https://images-kr.amoremall.com/products/611120000581/611120000581_01.png?1752208066643, https://images-kr.amoremall.com/products/611120000581/611120000581_02.png?1752208066643, https://images-kr.amoremall.com/products/611120000581/611120000581_03.png?1752208066643, https://images-kr.amoremall.com/products/611120000581/611120000581_04.png?1752208066643, https://images-kr.amoremall.com/products/611120000581/611120000581_05.jpg?1752208066643",
    "상품 URL": "https://www.amoremall.com/kr/ko/product/detail?onlineProdSn=58296&onlineProdCode=611120000581",
    "크롤링 시간": "2025-12-03 14:44:16"
  },
  {
    "브랜드": "에스쁘아",
    "상품명": "아이 오프닝 펜슬 0.3g",
    "별점": 4.73,
    "리뷰 개수": 260,
    "원가": "₩18,000",
    "할인율": "25%",
    "판매가": "₩13,500",
    "피부타입별 구매비율": "N/A",
    "연령대별 구매비율": "N/A",
    "상품상세 이미지": "https://images-kr.amoremall.com/products/611120000720/611120000720_01.jpg?1749806182154, https://images-kr.amoremall.com/products/611120000720/611120000720_02.png?1749806182154, https://images-kr.amoremall.com/products/611120000720/611120000720_03.png?1743499370179, https://images-kr.amoremall.com/products/611120000720/611120000720_04.png?1743499370179, https://images-kr.amoremall.com/products/611120000720/611120000720_05.png?1749806182154, https://images-kr.amoremall.com/products/611120000720/611120000720_06.png?1743499370179, https://images-kr.amoremall.com/products/611120000720/611120000720_07.png?1743499370179, https://images-kr.amoremall.com/products/611120000720/611120000720_08.png?1749806182154",
    "상품 URL": "https://www.amoremall.com/kr/ko/product/detail?onlineProdSn=64501&onlineProdCode=611120000720",
    "크롤링 시간": "2025-12-03 14:44:25"
  }
]